日期,累计确诊,新增确诊,累计治愈,累计死亡,国家
2020/1/20,291,93,25,6,中国
2020/1/21,440,149,25,9,中国
2020/1/22,571,131,28,17,中国
2020/1/23,830,259,34,25,中国
2020/1/24,1287,457,38,41,中国
2020/1/25,1975,688,49,56,中国
2020/1/26,2744,769,51,80,中国
2020/1/27,4515,1771,60,106,中国
2020/1/28,5974,1459,103,132,中国
2020/1/28,7,0,1,0,日本
2020/1/29,7711,1737,124,170,中国
2020/1/29,8,1,1,0,日本
2020/1/30,9692,1981,171,213,中国
2020/1/30,1,0,0,0,印度
2020/1/30,13,5,1,0,日本
2020/1/31,11821,2129,243,259,中国
2020/1/31,1,0,0,0,印度
2020/1/31,2,0,0,0,俄罗斯
2020/1/31,17,4,1,0,日本
2020/2/1,14380,2559,328,304,中国
2020/2/1,1,0,0,0,印度
2020/2/1,2,0,0,0,俄罗斯
2020/2/1,20,3,1,0,日本
2020/2/2,2,0,0,0,意大利
2020/2/2,0,0,0,0,伊朗
2020/2/2,2,0,0,0,西班牙
2020/2/2,10,3,0,0,德国
2020/2/2,8,1,0,0,美国
2020/2/2,17205,2825,475,361,中国
2020/2/2,15,3,0,0,韩国
2020/2/2,2,1,0,0,印度
2020/2/2,2,0,0,0,俄罗斯
2020/2/2,20,0,1,0,日本
2020/2/3,2,0,0,0,意大利
2020/2/3,0,0,0,0,伊朗
2020/2/3,2,0,0,0,西班牙
2020/2/3,10,0,0,0,德国
2020/2/3,11,3,0,0,美国
2020/2/3,15,0,0,0,韩国
2020/2/3,20438,2930,632,425,中国
2020/2/3,3,1,0,0,印度
2020/2/3,2,0,0,0,俄罗斯
2020/2/3,20,0,1,0,日本
2020/2/4,2,0,0,0,意大利
2020/2/4,0,0,0,0,伊朗
2020/2/4,2,0,0,0,西班牙
2020/2/4,12,2,0,0,德国
2020/2/4,11,0,1,0,美国
2020/2/4,16,1,0,0,韩国
2020/2/4,24324,3294,892,490,中国
2020/2/4,3,0,0,0,印度
2020/2/4,2,0,0,0,俄罗斯
2020/2/4,22,2,1,0,日本
2020/2/5,2,0,0,0,意大利
2020/2/5,0,0,0,0,伊朗
2020/2/5,2,0,0,0,西班牙
2020/2/5,12,0,0,0,德国
2020/2/5,11,0,1,0,美国
2020/2/5,19,3,1,0,韩国
2020/2/5,28018,3694,1153,563,中国
2020/2/5,3,0,0,0,印度
2020/2/5,2,0,0,0,俄罗斯
2020/2/5,24,2,1,0,日本
2020/2/6,2,0,0,0,意大利
2020/2/6,0,0,0,0,伊朗
2020/2/6,2,0,0,0,西班牙
2020/2/6,12,0,0,0,德国
2020/2/6,12,1,1,0,美国
2020/2/6,23,4,1,0,韩国
2020/2/6,31161,3143,1540,636,中国
2020/2/6,3,0,0,0,印度
2020/2/6,2,0,0,0,俄罗斯
2020/2/6,25,1,1,0,日本
2020/2/7,3,1,0,0,意大利
2020/2/7,0,0,0,0,伊朗
2020/2/7,2,0,0,0,西班牙
2020/2/7,13,1,0,0,德国
2020/2/7,12,0,1,0,美国
2020/2/7,24,1,2,0,韩国
2020/2/7,34546,3399,2049,722,中国
2020/2/7,3,0,0,0,印度
2020/2/7,2,0,0,0,俄罗斯
2020/2/7,25,0,1,0,日本
2020/2/8,3,0,0,0,意大利
2020/2/8,0,0,0,0,伊朗
2020/2/8,2,0,0,0,西班牙
2020/2/8,13,0,0,0,德国
2020/2/8,12,0,1,0,美国
2020/2/8,24,0,2,0,韩国
2020/2/8,37198,2656,2649,811,中国
2020/2/8,3,0,0,0,印度
2020/2/8,2,0,0,0,俄罗斯
2020/2/8,25,0,1,0,日本
2020/2/9,3,0,0,0,意大利
2020/2/9,0,0,0,0,伊朗
2020/2/9,2,0,0,0,西班牙
2020/2/9,14,1,0,0,德国
2020/2/9,12,0,1,0,美国
2020/2/9,27,3,3,0,韩国
2020/2/9,40171,3062,3281,908,中国
2020/2/9,3,0,0,0,印度
2020/2/9,2,0,0,0,俄罗斯
2020/2/9,25,0,1,0,日本
2020/2/10,3,0,0,0,意大利
2020/2/10,0,0,0,0,伊朗
2020/2/10,2,0,0,0,西班牙
2020/2/10,14,0,0,0,德国
2020/2/10,12,0,1,0,美国
2020/2/10,27,0,3,0,韩国
2020/2/10,42638,2478,3996,1016,中国
2020/2/10,3,0,0,0,印度
2020/2/10,2,0,0,0,俄罗斯
2020/2/10,26,1,1,0,日本
2020/2/11,3,0,0,0,意大利
2020/2/11,0,0,0,0,伊朗
2020/2/11,2,0,0,0,西班牙
2020/2/11,14,0,0,0,德国
2020/2/11,13,1,1,0,美国
2020/2/11,28,1,9,0,韩国
2020/2/11,44653,2015,4740,1113,中国
2020/2/11,3,0,0,0,印度
2020/2/11,2,0,0,0,俄罗斯
2020/2/11,26,0,1,0,日本
2020/2/12,3,0,0,0,意大利
2020/2/12,0,0,0,0,伊朗
2020/2/12,2,0,0,0,西班牙
2020/2/12,16,2,0,0,德国
2020/2/12,13,0,3,0,美国
2020/2/12,28,0,9,0,韩国
2020/2/12,59804,15152,5642,1367,中国
2020/2/12,3,0,0,0,印度
2020/2/12,2,0,0,0,俄罗斯
2020/2/12,29,3,1,0,日本
2020/2/13,3,0,0,0,意大利
2020/2/13,0,0,0,0,伊朗
2020/2/13,2,0,0,0,西班牙
2020/2/13,16,0,0,0,德国
2020/2/13,14,1,3,0,美国
2020/2/13,28,0,9,0,韩国
2020/2/13,63851,5090,6723,1380,中国
2020/2/13,3,0,0,0,印度
2020/2/13,2,0,0,0,俄罗斯
2020/2/13,34,5,1,1,日本
2020/2/14,3,0,0,0,意大利
2020/2/14,0,0,0,0,伊朗
2020/2/14,2,0,0,0,西班牙
2020/2/14,16,0,1,0,德国
2020/2/14,15,1,3,0,美国
2020/2/14,28,0,9,0,韩国
2020/2/14,66492,2641,8096,1523,中国
2020/2/14,3,0,0,0,印度
2020/2/14,2,0,0,0,俄罗斯
2020/2/14,35,1,1,1,日本
2020/2/15,3,0,0,0,意大利
2020/2/15,0,0,0,0,伊朗
2020/2/15,2,0,0,0,西班牙
2020/2/15,16,0,1,0,德国
2020/2/15,15,0,3,0,美国
2020/2/15,28,0,9,0,韩国
2020/2/15,68500,2009,9419,1665,中国
2020/2/15,3,0,0,0,印度
2020/2/15,2,0,0,0,俄罗斯
2020/2/15,49,14,1,1,日本
2020/2/16,3,0,0,0,意大利
2020/2/16,0,0,0,0,伊朗
2020/2/16,2,0,0,0,西班牙
2020/2/16,16,0,1,0,德国
2020/2/16,15,0,3,0,美国
2020/2/16,29,1,9,0,韩国
2020/2/16,70548,2048,10851,1770,中国
2020/2/16,3,0,0,0,印度
2020/2/16,2,0,0,0,俄罗斯
2020/2/16,56,0,1,1,日本
2020/2/17,3,0,0,0,意大利
2020/2/17,0,0,0,0,伊朗
2020/2/17,2,0,0,0,西班牙
2020/2/17,16,0,1,0,德国
2020/2/17,15,0,3,0,美国
2020/2/17,30,1,10,0,韩国
2020/2/17,72436,1886,12552,1868,中国
2020/2/17,3,0,0,0,印度
2020/2/17,2,0,0,0,俄罗斯
2020/2/17,65,0,1,1,日本
2020/2/18,3,0,0,0,意大利
2020/2/18,0,0,0,0,伊朗
2020/2/18,2,0,0,0,西班牙
2020/2/18,16,0,7,0,德国
2020/2/18,15,0,3,0,美国
2020/2/18,31,1,10,0,韩国
2020/2/18,74185,1749,14376,2004,中国
2020/2/18,3,0,3,0,印度
2020/2/18,2,0,2,0,俄罗斯
2020/2/18,74,9,1,1,日本
2020/2/19,3,0,0,0,意大利
2020/2/19,0,0,0,0,伊朗
2020/2/19,2,0,0,0,西班牙
2020/2/19,16,0,7,0,德国
2020/2/19,15,0,3,0,美国
2020/2/19,51,20,12,0,韩国
2020/2/19,75002,820,16157,2118,中国
2020/2/19,3,0,3,0,印度
2020/2/19,2,0,2,0,俄罗斯
2020/2/19,84,0,1,1,日本
2020/2/20,3,0,0,0,意大利
2020/2/20,2,0,0,0,西班牙
2020/2/20,16,0,7,0,德国
2020/2/20,15,0,3,0,美国
2020/2/20,5,5,0,2,伊朗
2020/2/20,104,53,12,1,韩国
2020/2/20,75891,889,18226,2236,中国
2020/2/20,3,0,3,0,印度
2020/2/20,2,0,2,0,俄罗斯
2020/2/20,93,9,1,3,日本
2020/2/21,6,3,0,0,意大利
2020/2/21,2,0,0,0,西班牙
2020/2/21,16,0,7,0,德国
2020/2/21,15,0,3,0,美国
2020/2/21,18,13,0,4,伊朗
2020/2/21,208,104,12,2,韩国
2020/2/21,76288,397,20659,2345,中国
2020/2/21,3,0,3,0,印度
2020/2/21,2,0,2,0,俄罗斯
2020/2/21,103,10,1,1,日本
2020/2/22,2,0,0,0,西班牙
2020/2/22,16,0,7,0,德国
2020/2/22,34,19,3,0,美国
2020/2/22,20,14,0,2,意大利
2020/2/22,28,10,0,4,伊朗
2020/2/22,433,225,12,3,韩国
2020/2/22,76936,648,22888,2442,中国
2020/2/22,3,0,3,0,印度
2020/2/22,2,0,2,0,俄罗斯
2020/2/22,122,14,1,1,日本
2020/2/23,2,0,0,0,西班牙
2020/2/23,16,0,7,0,德国
2020/2/23,34,0,3,0,美国
2020/2/23,132,112,1,2,意大利
2020/2/23,43,15,0,8,伊朗
2020/2/23,602,169,12,6,韩国
2020/2/23,77150,409,24734,2592,中国
2020/2/23,3,0,3,0,印度
2020/2/23,2,0,2,0,俄罗斯
2020/2/23,136,14,1,1,日本
2020/2/24,2,0,0,0,西班牙
2020/2/24,16,0,14,0,德国
2020/2/24,35,1,3,0,美国
2020/2/24,230,98,2,6,意大利
2020/2/24,61,18,0,12,伊朗
2020/2/24,833,231,12,8,韩国
2020/2/24,77658,508,27323,2663,中国
2020/2/24,3,0,3,0,印度
2020/2/24,2,0,2,0,俄罗斯
2020/2/24,159,23,1,1,日本
2020/2/25,3,1,2,0,西班牙
2020/2/25,16,0,14,0,德国
2020/2/25,53,18,3,0,美国
2020/2/25,283,53,1,7,意大利
2020/2/25,95,34,0,16,伊朗
2020/2/25,977,144,22,11,韩国
2020/2/25,78064,406,29745,2715,中国
2020/2/25,3,0,3,0,印度
2020/2/25,2,0,2,0,俄罗斯
2020/2/25,162,3,1,1,日本
2020/2/26,9,6,2,0,西班牙
2020/2/26,19,3,14,0,德国
2020/2/26,57,4,3,0,美国
2020/2/26,374,91,1,12,意大利
2020/2/26,139,44,0,19,伊朗
2020/2/26,1261,284,24,12,韩国
2020/2/26,78497,433,32495,2744,中国
2020/2/26,3,0,3,0,印度
2020/2/26,1,1,0,0,巴西
2020/2/26,2,0,2,0,俄罗斯
2020/2/26,178,7,1,1,日本
2020/2/27,13,4,2,0,西班牙
2020/2/27,27,8,14,0,德国
2020/2/27,60,3,3,0,美国
2020/2/27,528,154,42,14,意大利
2020/2/27,245,106,49,26,伊朗
2020/2/27,1766,505,24,13,韩国
2020/2/27,78824,327,36117,2788,中国
2020/2/27,3,0,3,0,印度
2020/2/27,1,0,0,0,巴西
2020/2/27,5,3,2,0,俄罗斯
2020/2/27,207,29,1,4,日本
2020/2/28,25,12,2,0,西班牙
2020/2/28,60,33,14,0,德国
2020/2/28,60,0,3,0,美国
2020/2/28,655,127,45,17,意大利
2020/2/28,388,143,49,34,伊朗
2020/2/28,2337,571,24,16,韩国
2020/2/28,79251,427,39002,2835,中国
2020/2/28,3,0,3,0,印度
2020/2/28,1,0,0,0,巴西
2020/2/28,5,0,2,0,俄罗斯
2020/2/28,233,22,32,5,日本
2020/2/29,41,16,2,0,西班牙
2020/2/29,66,6,16,0,德国
2020/2/29,64,4,3,0,美国
2020/2/29,888,233,46,21,意大利
2020/2/29,593,205,123,43,伊朗
2020/2/29,3150,813,28,17,韩国
2020/2/29,79824,573,41625,2870,中国
2020/2/29,3,0,3,0,印度
2020/2/29,1,0,0,0,巴西
2020/2/29,5,0,2,0,俄罗斯
2020/2/29,241,8,32,5,日本
2020/3/1,74,33,2,0,西班牙
2020/3/1,117,51,16,0,德国
2020/3/1,69,5,3,1,美国
2020/3/1,1128,240,50,29,意大利
2020/3/1,593,0,123,43,伊朗
2020/3/1,3736,586,30,20,韩国
2020/3/1,80026,202,44462,2912,中国
2020/3/1,3,0,3,0,印度
2020/3/1,2,1,0,0,巴西
2020/3/1,5,0,2,0,俄罗斯
2020/3/1,256,14,32,6,日本
2020/3/2,74,0,2,0,西班牙
2020/3/2,157,40,16,0,德国
2020/3/2,89,20,3,2,美国
2020/3/2,1713,585,83,41,意大利
2020/3/2,1501,908,175,66,伊朗
2020/3/2,4335,599,31,26,韩国
2020/3/2,80151,125,47204,2943,中国
2020/3/2,5,2,3,0,印度
2020/3/2,2,0,0,0,巴西
2020/3/2,6,1,2,0,俄罗斯
2020/3/2,274,18,32,6,日本
2020/3/3,150,76,3,0,西班牙
2020/3/3,196,39,16,0,德国
2020/3/3,105,16,3,6,美国
2020/3/3,2086,373,149,52,意大利
2020/3/3,2336,835,435,77,伊朗
2020/3/3,5186,851,31,31,韩国
2020/3/3,80270,119,49856,2981,中国
2020/3/3,11,6,3,0,印度
2020/3/3,2,0,0,0,巴西
2020/3/3,6,0,2,0,俄罗斯
2020/3/3,293,19,32,6,日本
2020/3/4,240,44,16,0,德国
2020/3/4,179,29,3,1,西班牙
2020/3/4,126,21,3,9,美国
2020/3/4,2546,460,160,79,意大利
2020/3/4,2922,586,435,92,伊朗
2020/3/4,5621,435,31,34,韩国
2020/3/4,80409,139,52045,3012,中国
2020/3/4,28,17,3,0,印度
2020/3/4,2,0,0,0,巴西
2020/3/4,6,0,2,0,俄罗斯
2020/3/4,326,33,32,6,日本
2020/3/5,349,109,16,0,德国
2020/3/5,248,69,3,2,西班牙
2020/3/5,161,35,8,11,美国
2020/3/5,3089,543,276,107,意大利
2020/3/5,3513,591,435,107,伊朗
2020/3/5,6088,467,88,42,韩国
2020/3/5,80552,143,53726,3042,中国
2020/3/5,30,2,3,0,印度
2020/3/5,1,1,0,0,南非
2020/3/5,3,1,0,0,巴西
2020/3/5,7,1,2,0,俄罗斯
2020/3/5,331,5,32,6,日本
2020/3/6,565,216,16,0,德国
2020/3/6,345,97,3,5,西班牙
2020/3/6,234,73,8,14,美国
2020/3/6,4747,1234,739,124,伊朗
2020/3/6,3927,838,414,148,意大利
2020/3/6,6284,196,108,43,韩国
2020/3/6,80651,99,55404,3070,中国
2020/3/6,31,1,3,0,印度
2020/3/6,1,0,0,0,南非
2020/3/6,8,5,0,0,巴西
2020/3/6,13,6,2,0,俄罗斯
2020/3/6,416,85,32,6,日本
2020/3/7,684,119,16,0,德国
2020/3/7,441,96,30,8,西班牙
2020/3/7,337,103,10,17,美国
2020/3/7,5823,1076,739,145,伊朗
2020/3/7,4680,753,523,197,意大利
2020/3/7,6767,483,118,48,韩国
2020/3/7,80695,44,57065,3097,中国
2020/3/7,33,3,3,0,印度
2020/3/7,2,1,0,0,南非
2020/3/7,13,5,0,0,巴西
2020/3/7,17,4,2,0,俄罗斯
2020/3/7,441,25,32,7,日本
2020/3/8,847,163,18,0,德国
2020/3/8,613,172,30,17,西班牙
2020/3/8,455,118,10,19,美国
2020/3/8,6566,743,2134,194,伊朗
2020/3/8,6012,1332,589,233,意大利
2020/3/8,7313,546,130,50,韩国
2020/3/8,80735,40,58600,3119,中国
2020/3/8,40,6,3,0,印度
2020/3/8,2,0,0,0,南非
2020/3/8,19,6,0,0,巴西
2020/3/8,17,0,2,0,俄罗斯
2020/3/8,494,33,32,7,日本
2020/3/9,1151,304,18,0,德国
2020/3/9,582,127,10,22,美国
2020/3/9,1046,433,32,26,西班牙
2020/3/9,7161,595,2394,237,伊朗
2020/3/9,7478,165,166,33,韩国
2020/3/9,7424,1412,622,366,意大利
2020/3/9,80754,19,59897,3136,中国
2020/3/9,43,3,3,0,印度
2020/3/9,3,1,1,0,南非
2020/3/9,25,6,0,0,巴西
2020/3/9,20,3,3,0,俄罗斯
2020/3/9,514,20,80,9,日本
2020/3/10,1224,73,18,2,德国
2020/3/10,755,173,10,26,美国
2020/3/10,1648,602,32,35,西班牙
2020/3/10,7513,35,247,80,韩国
2020/3/10,8042,881,2731,291,伊朗
2020/3/10,9220,1796,724,463,意大利
2020/3/10,80778,24,61475,3158,中国
2020/3/10,59,16,4,0,印度
2020/3/10,7,4,1,0,南非
2020/3/10,30,5,0,0,巴西
2020/3/10,20,0,3,0,俄罗斯
2020/3/10,581,67,101,12,日本
2020/3/11,1565,341,18,3,德国
2020/3/11,1052,297,15,31,美国
2020/3/11,2174,526,183,49,西班牙
2020/3/11,7755,242,288,65,韩国
2020/3/11,9000,958,2959,354,伊朗
2020/3/11,10283,1063,1004,631,意大利
2020/3/11,80793,15,62793,3169,中国
2020/3/11,62,3,4,0,印度
2020/3/11,13,6,1,0,南非
2020/3/11,34,4,0,0,巴西
2020/3/11,20,0,3,0,俄罗斯
2020/3/11,628,47,102,14,日本
2020/3/12,2078,513,23,3,德国
2020/3/12,1329,277,15,38,美国
2020/3/12,2968,794,189,84,西班牙
2020/3/12,7869,114,333,66,韩国
2020/3/12,10075,1075,3276,429,伊朗
2020/3/12,12462,2179,1045,827,意大利
2020/3/12,80813,8,64111,3176,中国
2020/3/12,74,11,4,0,印度
2020/3/12,24,11,1,0,南非
2020/3/12,52,18,0,0,巴西
2020/3/12,28,8,3,0,俄罗斯
2020/3/12,690,62,118,17,日本
2020/3/13,3117,1039,46,7,德国
2020/3/13,1880,551,31,41,美国
2020/3/13,4209,1241,189,120,西班牙
2020/3/13,7979,110,510,72,韩国
2020/3/13,11364,1289,3529,514,伊朗
2020/3/13,15385,2923,1258,1016,意大利
2020/3/13,80824,11,65541,3189,中国
2020/3/13,81,7,4,1,印度
2020/3/13,24,0,1,0,南非
2020/3/13,77,25,0,0,巴西
2020/3/13,34,6,8,0,俄罗斯
2020/3/13,725,35,135,21,日本
2020/3/14,3675,558,46,8,德国
2020/3/14,2236,356,31,49,美国
2020/3/14,5753,1544,193,136,西班牙
2020/3/14,8086,107,714,72,韩国
2020/3/14,12729,1365,4339,611,伊朗
2020/3/14,17660,2275,1439,1266,意大利
2020/3/14,80844,20,66911,3199,中国
2020/3/14,84,1,10,2,印度
2020/3/14,38,14,1,0,南非
2020/3/14,98,21,0,0,巴西
2020/3/14,59,14,8,0,俄罗斯
2020/3/14,748,23,135,21,日本
2020/3/15,5142,1467,46,9,德国
2020/3/15,2943,707,48,60,美国
2020/3/15,7753,2000,571,195,西班牙
2020/3/15,8162,76,834,75,韩国
2020/3/15,13938,1209,4590,724,伊朗
2020/3/15,21270,3610,1966,1441,意大利
2020/3/15,80860,16,67749,3213,中国
2020/3/15,107,23,10,2,印度
2020/3/15,51,13,1,0,南非
2020/3/15,121,23,0,0,巴西
2020/3/15,60,33,8,0,俄罗斯
2020/3/15,818,70,135,24,日本
2020/3/16,5813,671,46,13,德国
2020/3/16,3774,831,73,69,美国
2020/3/16,8236,74,1137,75,韩国
2020/3/16,9191,1438,571,309,西班牙
2020/3/16,14991,1053,4996,853,伊朗
2020/3/16,24747,3477,2335,1809,意大利
2020/3/16,80881,21,68679,3226,中国
2020/3/16,117,10,13,2,印度
2020/3/16,62,11,1,0,南非
2020/3/16,200,79,0,0,巴西
2020/3/16,93,33,8,0,俄罗斯
2020/3/16,835,48,135,28,日本
2020/3/17,7272,1459,135,17,德国
2020/3/17,4687,913,74,93,美国
2020/3/17,8320,84,1401,83,韩国
2020/3/17,11178,1987,571,491,西班牙
2020/3/17,16169,1178,5389,988,伊朗
2020/3/17,27980,3233,2749,2158,意大利
2020/3/17,80894,13,69601,3237,中国
2020/3/17,137,20,13,3,印度
2020/3/17,62,0,1,0,南非
2020/3/17,234,34,0,1,巴西
2020/3/17,114,21,8,0,俄罗斯
2020/3/17,880,45,135,29,日本
2020/3/18,10082,2810,135,26,德国
2020/3/18,6522,1835,106,116,美国
2020/3/18,8413,93,1540,91,韩国
2020/3/18,13716,2538,1081,558,西班牙
2020/3/18,17361,1192,5710,1135,伊朗
2020/3/18,31506,3526,2941,2503,意大利
2020/3/18,80928,34,70420,3245,中国
2020/3/18,151,14,13,3,印度
2020/3/18,116,54,1,0,南非
2020/3/18,291,57,0,1,巴西
2020/3/18,147,33,8,0,俄罗斯
2020/3/18,919,84,135,31,日本
2020/3/19,13944,3862,135,43,德国
2020/3/19,10259,3737,106,152,美国
2020/3/19,8565,152,1947,92,韩国
2020/3/19,17147,3431,1081,767,西班牙
2020/3/19,18407,1046,5979,1284,伊朗
2020/3/19,36455,4949,4025,2978,意大利
2020/3/19,80967,39,71150,3248,中国
2020/3/19,173,22,13,4,印度
2020/3/19,116,0,1,0,南非
2020/3/19,514,223,0,4,巴西
2020/3/19,199,85,8,1,俄罗斯
2020/3/19,956,73,135,33,日本
2020/3/20,17653,3709,115,44,德国
2020/3/20,14365,4106,125,212,美国
2020/3/20,8652,87,2233,100,韩国
2020/3/20,17147,0,1081,767,西班牙
2020/3/20,19644,1237,6745,1433,伊朗
2020/3/20,81008,41,71740,3255,中国
2020/3/20,41035,4580,4440,3405,意大利
2020/3/20,223,40,20,5,印度
2020/3/20,202,86,1,0,南非
2020/3/20,647,133,0,4,巴西
2020/3/20,253,54,8,1,俄罗斯
2020/3/20,1016,97,135,35,日本
2020/3/21,20099,2446,180,70,德国
2020/3/21,8799,147,2612,102,韩国
2020/3/21,20176,5811,147,277,美国
2020/3/21,25374,8227,2125,1375,西班牙
2020/3/21,20610,966,7635,1556,伊朗
2020/3/21,81054,46,72244,3261,中国
2020/3/21,47021,5986,5129,4032,意大利
2020/3/21,283,60,23,5,印度
2020/3/21,240,38,1,0,南非
2020/3/21,970,323,2,11,巴西
2020/3/21,306,53,16,1,俄罗斯
2020/3/21,1054,135,135,36,日本
2020/3/22,23921,3822,266,92,德国
2020/3/22,8897,98,2909,104,韩国
2020/3/22,26856,6680,178,346,美国
2020/3/22,21638,1028,7913,1685,伊朗
2020/3/22,28572,3198,2575,1720,西班牙
2020/3/22,81093,39,72703,3270,中国
2020/3/22,53578,6557,6072,4825,意大利
2020/3/22,341,58,23,6,印度
2020/3/22,240,0,0,0,南非
2020/3/22,1128,158,2,18,巴西
2020/3/22,367,367,16,1,俄罗斯
2020/3/22,1101,47,232,41,日本
2020/3/23,27181,3260,422,113,德国
2020/3/23,8961,64,3166,111,韩国
2020/3/23,35224,8368,178,471,美国
2020/3/23,23049,1411,8376,1812,伊朗
2020/3/23,33089,4517,2575,2182,西班牙
2020/3/23,81171,78,73159,3277,中国
2020/3/23,59138,5560,7024,5476,意大利
2020/3/23,425,84,24,8,印度
2020/3/23,402,162,1,0,南非
2020/3/23,1546,418,2,25,巴西
2020/3/23,438,71,17,1,俄罗斯
2020/3/23,1140,39,285,42,日本
2020/3/24,31370,4189,453,132,德国
2020/3/24,9037,76,3507,120,韩国
2020/3/24,46443,11219,314,586,美国
2020/3/24,24811,1762,8913,1934,伊朗
2020/3/24,39673,6584,3355,2696,西班牙
2020/3/24,81218,47,73650,3281,中国
2020/3/24,63927,4789,7432,6077,意大利
2020/3/24,519,94,40,9,印度
2020/3/24,554,152,1,0,南非
2020/3/24,1891,345,2,34,巴西
2020/3/24,498,60,17,1,俄罗斯
2020/3/24,1209,69,285,42,日本
2020/3/25,32323,3983,3243,181,德国
2020/3/25,9137,100,3730,126,韩国
2020/3/25,55242,8799,354,801,美国
2020/3/25,27017,2206,9625,2077,伊朗
2020/3/25,81285,67,74051,3287,中国
2020/3/25,47610,7937,3355,3434,西班牙
2020/3/25,69176,5249,8326,6820,意大利
2020/3/25,606,87,42,10,印度
2020/3/25,709,155,1,0,南非
2020/3/25,2201,310,2,46,巴西
2020/3/25,658,160,29,1,俄罗斯
2020/3/25,1307,98,310,45,日本
2020/3/26,9241,104,4144,131,韩国
2020/3/26,39572,4219,3547,224,德国
2020/3/26,69223,13981,619,1054,美国
2020/3/26,29406,2389,10457,2234,伊朗
2020/3/26,81340,55,74588,3292,中国
2020/3/26,56138,8578,5367,4089,西班牙
2020/3/26,74386,5210,9362,7503,意大利
2020/3/26,649,43,42,13,印度
2020/3/26,709,0,12,0,南非
2020/3/26,2433,232,2,57,巴西
2020/3/26,840,182,38,2,俄罗斯
2020/3/26,1399,92,359,47,日本
2020/3/27,9332,91,4528,139,韩国
2020/3/27,43211,3639,5678,262,德国
2020/3/27,86043,16820,753,1304,美国
2020/3/27,32332,2926,11133,2378,伊朗
2020/3/27,81394,54,74971,3295,中国
2020/3/27,64059,7871,7015,4858,西班牙
2020/3/27,80539,6153,10361,8215,意大利
2020/3/27,694,45,44,16,印度
2020/3/27,927,218,1,0,南非
2020/3/27,2915,482,2,77,巴西
2020/3/27,1036,196,45,3,俄罗斯
2020/3/27,1516,117,372,49,日本
2020/3/28,9478,146,4811,144,韩国
2020/3/28,53340,10129,6658,399,德国
2020/3/28,104839,18796,869,1716,美国
2020/3/28,35408,3076,11679,2517,伊朗
2020/3/28,81439,45,75448,3300,中国
2020/3/28,72248,8189,9357,5690,西班牙
2020/3/28,86498,5959,10950,9134,意大利
2020/3/28,918,224,80,20,印度
2020/3/28,1170,243,1,0,南非
2020/3/28,3477,562,6,93,巴西
2020/3/28,1264,228,45,3,俄罗斯
2020/3/28,1724,208,372,52,日本
2020/3/29,9583,105,5033,152,韩国
2020/3/29,58247,4907,8481,455,德国
2020/3/29,124676,19837,1095,2196,美国
2020/3/29,38309,2901,12391,2640,伊朗
2020/3/29,82447,106,75937,3311,中国
2020/3/29,78797,6549,12285,6528,西班牙
2020/3/29,92472,5974,12384,10023,意大利
2020/3/29,1024,106,95,27,印度
2020/3/29,1187,17,31,1,南非
2020/3/29,3904,487,6,117,巴西
2020/3/29,1534,270,64,8,俄罗斯
2020/3/29,1726,2,424,52,日本
2020/3/30,9661,78,5228,158,韩国
2020/3/30,63929,5682,9211,560,德国
2020/3/30,143071,18395,4856,2513,美国
2020/3/30,41495,3186,13911,2757,伊朗
2020/3/30,82545,98,76225,3314,中国
2020/3/30,85195,6398,14709,7340,西班牙
2020/3/30,97689,5217,13030,10779,意大利
2020/3/30,1071,71,99,29,印度
2020/3/30,1280,93,31,2,南非
2020/3/30,4256,352,6,136,巴西
2020/3/30,1836,302,66,9,俄罗斯
2020/3/30,1866,140,424,54,日本
2020/3/31,9786,125,5408,162,韩国
2020/3/31,68180,4251,15824,682,德国
2020/3/31,44606,3111,14656,2898,伊朗
2020/3/31,165874,22803,5995,3178,美国
2020/3/31,82631,86,76415,3321,中国
2020/3/31,94417,9222,19259,8269,西班牙
2020/3/31,101739,4050,14620,11591,意大利
2020/3/31,1251,180,102,32,印度
2020/3/31,1326,46,31,3,南非
2020/3/31,4681,425,127,167,巴西
2020/3/31,2337,501,121,17,俄罗斯
2020/3/31,1953,87,424,56,日本
2020/4/1,9887,101,5567,165,韩国
2020/4/1,74508,6328,16100,821,德国
2020/4/1,47593,2987,15473,3036,伊朗
2020/4/1,82724,93,76610,3327,中国
2020/4/1,190089,24215,7141,4102,美国
2020/4/1,102136,7719,22647,9053,西班牙
2020/4/1,105792,4053,15729,12428,意大利
2020/4/1,1637,386,148,45,印度
2020/4/1,1353,27,50,5,南非
2020/4/1,5861,1180,127,203,巴西
2020/4/1,2777,440,190,24,俄罗斯
2020/4/1,2178,225,472,57,日本
2020/4/2,9976,89,5828,169,韩国
2020/4/2,81728,7220,19175,997,德国
2020/4/2,50468,2875,16711,3160,伊朗
2020/4/2,82802,78,76785,3331,中国
2020/4/2,217263,27174,8710,5151,美国
2020/4/2,110238,8102,26743,10003,西班牙
2020/4/2,110574,4782,16847,13155,意大利
2020/4/2,2032,395,150,58,印度
2020/4/2,1380,27,50,5,南非
2020/4/2,7011,1150,127,250,巴西
2020/4/2,3548,771,235,30,俄罗斯
2020/4/2,2384,206,472,57,日本
2020/4/3,10062,86,6021,174,韩国
2020/4/3,87244,5516,24575,1138,德国
2020/4/3,53183,2715,17935,3294,伊朗
2020/4/3,82875,73,76984,3335,中国
2020/4/3,245658,28395,9311,6069,美国
2020/4/3,117710,7472,30513,10935,西班牙
2020/4/3,115242,4668,18278,13915,意大利
2020/4/3,2567,535,192,72,印度
2020/4/3,1462,82,95,5,南非
2020/4/3,8165,1154,127,332,巴西
2020/4/3,4149,601,281,34,俄罗斯
2020/4/3,2617,233,514,63,日本
2020/4/4,10156,94,6325,177,韩国
2020/4/4,92050,4806,24575,1295,德国
2020/4/4,82930,55,77210,3338,中国
2020/4/4,55743,2560,19736,3452,伊朗
2020/4/4,278568,32910,9920,7163,美国
2020/4/4,124736,7026,34219,11744,西班牙
2020/4/4,119827,4585,19758,14681,意大利
2020/4/4,3082,515,229,86,印度
2020/4/4,1505,43,95,9,南非
2020/4/4,9216,1051,127,365,巴西
2020/4/4,4731,582,333,43,俄罗斯
2020/4/4,2935,318,514,69,日本
2020/4/5,10237,81,6463,183,韩国
2020/4/5,97074,5024,26400,1478,德国
2020/4/5,83005,75,77348,3340,中国
2020/4/5,58226,2483,19736,3603,伊朗
2020/4/5,312487,33913,15021,8503,美国
2020/4/5,130759,6023,38080,12418,西班牙
2020/4/5,124632,4805,20996,15362,意大利
2020/4/5,3588,506,229,99,印度
2020/4/5,1585,80,95,9,南非
2020/4/5,10431,1215,127,446,巴西
2020/4/5,5389,658,355,45,俄罗斯
2020/4/5,3139,204,514,77,日本
2020/4/6,10284,47,6598,186,韩国
2020/4/6,100186,3112,28700,1590,德国
2020/4/6,83071,66,77450,3340,中国
2020/4/6,60500,2274,24236,3739,伊朗
2020/4/6,337971,25490,17582,9654,美国
2020/4/6,135032,4273,40437,13055,西班牙
2020/4/6,128948,4316,21815,15887,意大利
2020/4/6,4314,726,328,118,印度
2020/4/6,1655,70,95,11,南非
2020/4/6,11298,867,127,489,巴西
2020/4/6,6343,954,406,47,俄罗斯
2020/4/6,3654,515,575,85,日本
2020/4/7,10331,47,6694,192,韩国
2020/4/7,104199,4013,36081,1842,德国
2020/4/7,83157,86,77586,3342,中国
2020/4/7,62589,2089,27039,3872,伊朗
2020/4/7,369069,31098,20003,11018,美国
2020/4/7,140510,5478,43208,13798,西班牙
2020/4/7,132547,3599,22837,16523,意大利
2020/4/7,4911,597,382,137,印度
2020/4/7,1749,94,95,13,南非
2020/4/7,12341,1043,127,581,巴西
2020/4/7,7497,1154,494,58,俄罗斯
2020/4/7,3906,252,592,92,日本
2020/4/8,10384,53,6776,200,韩国
2020/4/8,109329,5130,36081,2096,德国
2020/4/8,83249,92,77711,3344,中国
2020/4/8,64586,1997,27039,3993,伊朗
2020/4/8,399979,30910,22539,12912,美国
2020/4/8,146690,6180,48021,14555,西班牙
2020/4/8,135586,3039,24392,17127,意大利
2020/4/8,5480,569,468,164,印度
2020/4/8,1749,0,95,13,南非
2020/4/8,14152,1811,127,699,巴西
2020/4/8,8672,1175,580,63,俄罗斯
2020/4/8,4257,351,622,93,日本
2020/4/9,10423,39,6973,204,韩国
2020/4/9,113615,4286,46300,2349,德国
2020/4/9,83305,56,77838,3345,中国
2020/4/9,66220,1634,32309,4110,伊朗
2020/4/9,432579,32600,24213,14830,美国
2020/4/9,152446,5756,52165,15238,西班牙
2020/4/9,139422,3836,26491,17669,意大利
2020/4/9,6237,757,569,186,印度
2020/4/9,1845,96,95,18,南非
2020/4/9,16238,2086,173,823,巴西
2020/4/9,10131,1459,698,76,俄罗斯
2020/4/9,4667,410,632,94,日本
2020/4/10,10450,27,7117,208,韩国
2020/4/10,119401,5786,52407,2607,德国
2020/4/10,83369,64,77935,3349,中国
2020/4/10,68192,1972,35465,4232,伊朗
2020/4/10,157022,4576,55668,15843,西班牙
2020/4/10,467184,34605,26522,16736,美国
2020/4/10,143626,4204,28470,18279,意大利
2020/4/10,6725,488,641,229,印度
2020/4/10,2003,158,410,24,南非
2020/4/10,18176,1938,173,957,巴西
2020/4/10,11917,1786,795,94,俄罗斯
2020/4/10,5530,863,685,99,日本
2020/4/11,10480,30,7243,211,韩国
2020/4/11,122855,3454,53913,2736,德国
2020/4/11,83482,113,78020,3349,中国
2020/4/11,70029,1837,41947,4357,伊朗
2020/4/11,161852,4830,59109,16353,西班牙
2020/4/11,501701,34517,29192,18781,美国
2020/4/11,147577,3951,30455,18849,意大利
2020/4/11,7997,1272,774,249,印度
2020/4/11,2003,0,410,24,南非
2020/4/11,19943,1767,173,1074,巴西
2020/4/11,13584,1667,1045,106,俄罗斯
2020/4/11,6005,475,762,99,日本
2020/4/12,10512,32,7368,214,韩国
2020/4/12,125834,2979,57400,2886,德国
2020/4/12,83597,115,78145,3351,中国
2020/4/12,71686,1657,43894,4474,伊朗
2020/4/12,166019,4167,62391,16972,西班牙
2020/4/12,152271,4694,32534,19468,意大利
2020/4/12,530830,29129,32314,20646,美国
2020/4/12,8504,507,972,289,印度
2020/4/12,2028,25,410,25,南非
2020/4/12,21042,1099,173,1144,巴西
2020/4/12,15770,2186,1291,130,俄罗斯
2020/4/12,6748,743,762,108,日本
2020/4/13,10537,25,7447,217,韩国
2020/4/13,127916,2082,64300,3022,德国
2020/4/13,83696,99,78262,3351,中国
2020/4/13,73303,1617,45983,4585,伊朗
2020/4/13,169496,3477,64727,17489,西班牙
2020/4/13,156363,4092,34211,19899,意大利
2020/4/13,558999,28169,42009,22154,美国
2020/4/13,9240,736,1096,331,印度
2020/4/13,2173,145,410,25,南非
2020/4/13,22625,1583,173,1245,巴西
2020/4/13,18328,2558,1470,148,俄罗斯
2020/4/13,7370,622,784,123,日本
2020/4/14,10564,27,7534,222,韩国
2020/4/14,130434,2518,68200,3220,德国
2020/4/14,83745,49,78389,3352,中国
2020/4/14,74877,1574,48123,4683,伊朗
2020/4/14,172541,3045,67504,18056,西班牙
2020/4/14,159516,3153,35435,20465,意大利
2020/4/14,583220,24221,44319,23654,美国
2020/4/14,10541,1301,1205,358,印度
2020/4/14,2415,242,410,27,南非
2020/4/14,23955,1330,2979,1361,巴西
2020/4/14,21102,2774,1694,170,俄罗斯
2020/4/14,7645,275,799,143,日本
2020/4/15,10591,27,7616,225,韩国
2020/4/15,83797,52,78504,3352,中国
2020/4/15,132553,2119,72600,3528,德国
2020/4/15,76389,1512,49933,4777,伊朗
2020/4/15,177633,5092,70853,18579,西班牙
2020/4/15,162488,2972,37130,21067,意大利
2020/4/15,609995,26775,50045,26069,美国
2020/4/15,11555,1014,1362,396,印度
2020/4/15,2415,0,410,27,南非
2020/4/15,25758,1803,14026,1557,巴西
2020/4/15,24490,3388,1986,198,俄罗斯
2020/4/15,8100,455,853,146,日本
2020/4/16,10613,22,7757,229,韩国
2020/4/16,135549,2996,77000,3850,德国
2020/4/16,84149,352,77635,4642,中国
2020/4/16,77995,1606,52229,4869,伊朗
2020/4/16,182816,5183,74797,19130,西班牙
2020/4/16,165155,2667,38092,21645,意大利
2020/4/16,640014,30016,52772,31002,美国
2020/4/16,12759,1204,1514,423,印度
2020/4/16,2506,91,410,34,南非
2020/4/16,29015,3257,14026,1760,巴西
2020/4/16,27938,3448,2304,232,俄罗斯
2020/4/16,8626,526,901,178,日本
2020/4/17,10635,22,7829,230,韩国
2020/4/17,138456,2907,81800,4193,德国
2020/4/17,84180,31,77744,4642,中国
2020/4/17,79494,1499,54064,4958,伊朗
2020/4/17,184948,2132,74797,19315,西班牙
2020/4/17,168941,3786,40164,22170,意大利
2020/4/17,672293,32279,56243,33325,美国
2020/4/17,13835,1076,1777,452,印度
2020/4/17,2605,99,903,48,南非
2020/4/17,30891,1876,14026,1952,巴西
2020/4/17,32008,4070,2590,273,俄罗斯
2020/4/17,9231,605,935,190,日本
2020/4/18,10653,18,7937,232,韩国
2020/4/18,142325,3869,85400,4403,德国
2020/4/18,84201,21,77825,4642,中国
2020/4/18,80868,1374,55987,5031,伊朗
2020/4/18,191726,6778,74797,20043,西班牙
2020/4/18,172434,3493,42727,22745,意大利
2020/4/18,706856,34563,60523,37087,美国
2020/4/18,14792,957,2045,488,印度
2020/4/18,2783,178,903,50,南非
2020/4/18,34485,3594,14026,2181,巴西
2020/4/18,36793,4785,3057,313,俄罗斯
2020/4/18,9787,556,935,190,日本
2020/4/19,10661,8,8042,234,韩国
2020/4/19,144348,2023,88000,4547,德国
2020/4/19,84237,36,77895,4642,中国
2020/4/19,82211,1343,57023,5118,伊朗
2020/4/19,195944,4218,77357,20453,西班牙
2020/4/19,175925,3491,44927,23227,意大利
2020/4/19,735366,28510,66854,39095,美国
2020/4/19,16402,1610,2601,538,印度
2020/4/19,3034,251,903,52,南非
2020/4/19,36925,2440,14026,2372,巴西
2020/4/19,42853,6060,3291,361,俄罗斯
2020/4/19,10296,509,1069,222,日本
2020/4/20,10674,13,8114,236,韩国
2020/4/20,84250,13,77978,4642,中国
2020/4/20,145743,1395,91500,4642,德国
2020/4/20,83505,1294,59273,5209,伊朗
2020/4/20,200210,4266,80587,20852,西班牙
2020/4/20,178972,3047,47055,23660,意大利
2020/4/20,760570,25204,71011,40702,美国
2020/4/20,17615,1213,2854,559,印度
2020/4/20,3158,124,903,54,南非
2020/4/20,39144,2219,22130,2484,巴西
2020/4/20,47121,4268,3446,405,俄罗斯
2020/4/20,10797,501,1159,236,日本
2020/4/21,10683,9,8213,237,韩国
2020/4/21,84287,37,78042,4642,中国
2020/4/21,147593,1850,95200,4869,德国
2020/4/21,84802,1297,60965,5297,伊朗
2020/4/21,204178,3968,82514,21282,西班牙
2020/4/21,181228,2256,48877,24114,意大利
2020/4/21,788920,28350,73533,42458,美国
2020/4/21,18985,1370,3273,603,印度
2020/4/21,3300,142,1055,58,南非
2020/4/21,40814,1670,22991,2588,巴西
2020/4/21,52763,5642,3873,456,俄罗斯
2020/4/21,11135,338,1239,263,日本
2020/4/22,10694,11,8277,238,韩国
2020/4/22,84302,15,78147,4642,中国
2020/4/22,149044,1451,99400,5127,德国
2020/4/22,85996,1194,63113,5391,伊朗
2020/4/22,208389,4211,85915,21717,西班牙
2020/4/22,183957,2729,51600,24648,意大利
2020/4/22,826248,37328,75682,45153,美国
2020/4/22,20471,1486,3976,652,印度
2020/4/22,3465,165,1055,58,南非
2020/4/22,43592,2778,24325,2769,巴西
2020/4/22,57999,5236,4420,513,俄罗斯
2020/4/22,11512,377,1356,281,日本
2020/4/23,10702,8,8411,240,韩国
2020/4/23,84311,9,78236,4642,中国
2020/4/23,151175,2131,103300,5354,德国
2020/4/23,87026,1030,64843,5481,伊朗
2020/4/23,213024,4635,89250,22157,西班牙
2020/4/23,187327,3370,54543,25085,意大利
2020/4/23,846981,17733,77064,46859,美国
2020/4/23,21797,1326,4376,686,印度
2020/4/23,3635,170,1055,65,南非
2020/4/23,46348,2756,25318,2934,巴西
2020/4/23,62773,4774,4891,555,俄罗斯
2020/4/23,11950,438,1424,299,日本
2020/4/24,10708,6,8501,240,韩国
2020/4/24,84324,13,78362,4642,中国
2020/4/24,88194,1168,66599,5574,伊朗
2020/4/24,153584,2409,106800,5577,德国
2020/4/24,219764,6740,92355,22524,西班牙
2020/4/24,189973,2646,57576,25549,意大利
2020/4/24,871285,27304,80937,50066,美国
2020/4/24,23502,1705,5012,722,印度
2020/4/24,3953,318,1473,75,南非
2020/4/24,50512,4164,26573,3365,巴西
2020/4/24,68622,5849,5568,615,俄罗斯
2020/4/24,12368,418,1494,328,日本
2020/4/25,10718,10,8635,240,韩国
2020/4/25,84338,14,78450,4642,中国
2020/4/25,89328,1134,68193,5650,伊朗
2020/4/25,155418,1834,109800,5802,德国
2020/4/25,223759,3995,95708,22902,西班牙
2020/4/25,192994,3021,60498,25969,意大利
2020/4/25,907096,35811,99129,52063,美国
2020/4/25,24942,1440,5498,780,印度
2020/4/25,4220,267,1473,79,南非
2020/4/25,54043,3531,27655,3704,巴西
2020/4/25,74588,5966,6250,681,俄罗斯
2020/4/25,12829,461,1530,345,日本
2020/4/26,10728,10,8717,242,韩国
2020/4/26,84341,3,78558,4643,中国
2020/4/26,90481,1153,69657,5710,伊朗
2020/4/26,157026,1608,109800,5880,德国
2020/4/26,223759,0,95708,22902,西班牙
2020/4/26,195351,2357,63120,26384,意大利
2020/4/26,941628,34532,105823,54024,美国
2020/4/26,26917,1975,5939,826,印度
2020/4/26,4361,141,1473,86,南非
2020/4/26,59479,5436,29160,4062,巴西
2020/4/26,80949,6361,6767,747,俄罗斯
2020/4/26,13231,402,1656,360,日本
2020/4/27,10738,10,8764,243,韩国
2020/4/27,84347,6,78664,4643,中国
2020/4/27,91472,991,70933,5806,伊朗
2020/4/27,157946,920,114500,5984,德国
2020/4/27,229422,5663,120832,23521,西班牙
2020/4/27,197675,2324,64928,26644,意大利
2020/4/27,967585,25957,107060,54931,美国
2020/4/27,28380,1463,6523,886,印度
2020/4/27,4546,185,1473,87,南非
2020/4/27,63328,3849,30152,4298,巴西
2020/4/27,87147,6198,7346,794,俄罗斯
2020/4/27,13441,210,1809,372,日本
2020/4/28,10752,14,8854,244,韩国
2020/4/28,84369,22,78729,4643,中国
2020/4/28,92584,1112,72439,5877,伊朗
2020/4/28,159038,1092,117400,6161,德国
2020/4/28,232128,2706,123903,23822,西班牙
2020/4/28,199414,1739,66624,26977,意大利
2020/4/28,990135,22550,111587,56475,美国
2020/4/28,29451,1071,7137,939,印度
2020/4/28,4793,247,1473,90,南非
2020/4/28,67446,4118,31142,4603,巴西
2020/4/28,93558,6411,8456,867,俄罗斯
2020/4/28,13614,173,1899,385,日本
2020/4/29,10761,9,8922,246,韩国
2020/4/29,84373,4,78785,4643,中国
2020/4/29,93657,1073,73791,5957,伊朗
2020/4/29,160479,1441,120400,6330,德国
2020/4/29,236899,4771,132929,24275,西班牙
2020/4/29,201505,2091,68941,27359,意大利
2020/4/29,1015289,25154,115955,58529,美国
2020/4/29,31787,2336,7796,1008,印度
2020/4/29,4996,203,2073,93,南非
2020/4/29,73235,5789,32544,5083,巴西
2020/4/29,99399,5841,10286,972,俄罗斯
2020/4/29,13736,122,1899,394,日本
2020/4/30,10765,4,9059,247,韩国
2020/4/30,84385,12,78845,4643,中国
2020/4/30,94640,983,75103,6028,伊朗
2020/4/30,161985,1506,123500,6504,德国
2020/4/30,239639,2740,137984,24543,西班牙
2020/4/30,203591,2086,71252,27682,意大利
2020/4/30,1043595,28306,124294,61187,美国
2020/4/30,33610,1823,8437,1079,印度
2020/4/30,5350,354,2073,103,南非
2020/4/30,80246,7011,34132,5541,巴西
2020/4/30,106498,7099,11619,1073,俄罗斯
2020/4/30,13965,229,2368,425,日本
2020/5/1,10774,9,9072,248,韩国
2020/5/1,84388,3,78905,4643,中国
2020/5/1,95646,1006,76318,6091,伊朗
2020/5/1,163009,1024,126900,6623,德国
2020/5/1,239639,0,137984,24824,西班牙
2020/5/1,205463,1872,75945,27967,意大利
2020/5/1,1095023,51428,153947,63019,美国
2020/5/1,35043,1433,9068,1154,印度
2020/5/1,5647,297,2073,103,南非
2020/5/1,87187,6941,35935,6006,巴西
2020/5/1,114431,7933,13220,1169,俄罗斯
2020/5/1,14088,123,2460,430,日本
2020/5/2,10780,6,9123,250,韩国
2020/5/2,84393,5,78939,4643,中国
2020/5/2,96448,802,77350,6156,伊朗
2020/5/2,164316,1307,129000,6736,德国
2020/5/2,245567,5928,146233,25100,西班牙
2020/5/2,207428,1965,78249,28236,意大利
2020/5/2,1131030,36007,161563,65753,美国
2020/5/2,37336,2293,10007,1223,印度
2020/5/2,5951,304,2382,116,南非
2020/5/2,92630,5443,38039,6434,巴西
2020/5/2,124054,9623,15013,1222,俄罗斯
2020/5/2,14305,217,2975,455,日本
2020/5/3,10780,0,9123,250,韩国
2020/5/3,84400,7,79016,4643,中国
2020/5/3,96448,0,77350,6156,伊朗
2020/5/3,164967,651,129000,6812,德国
2020/5/3,245567,0,146233,25100,西班牙
2020/5/3,209328,1900,79914,28710,意大利
2020/5/3,1160774,29744,173318,67444,美国
2020/5/3,39699,2363,10819,1323,印度
2020/5/3,6336,385,2549,123,南非
2020/5/3,96559,3929,40937,6750,巴西
2020/5/3,124054,0,15013,1222,俄罗斯
2020/5/3,14305,0,2975,455,日本
2020/5/4,10801,21,9217,252,韩国
2020/5/4,84404,4,79126,4643,中国
2020/5/4,98647,2199,79379,6277,伊朗
2020/5/4,165745,778,132700,6866,德国
2020/5/4,248301,2734,151633,25428,西班牙
2020/5/4,210717,1389,81654,28884,意大利
2020/5/4,1188122,27348,178263,68598,美国
2020/5/4,42836,3137,11782,1395,印度
2020/5/4,6783,447,2549,131,南非
2020/5/4,101826,5267,42991,7051,巴西
2020/5/4,145268,21214,18095,1356,俄罗斯
2020/5/4,14877,572,3981,487,日本
2020/5/5,10804,3,9283,254,韩国
2020/5/5,84406,2,79204,4643,中国
2020/5/5,99970,1323,80475,6340,伊朗
2020/5/5,166304,559,135100,6993,德国
2020/5/5,250561,2260,154718,25613,西班牙
2020/5/5,211938,1224,82879,29079,意大利
2020/5/5,1212835,24713,188027,69921,美国
2020/5/5,46476,3640,12849,1571,印度
2020/5/5,7220,437,2746,138,南非
2020/5/5,108620,6794,45815,7367,巴西
2020/5/5,155370,10102,19865,1451,俄罗斯
2020/5/5,15078,201,4156,536,日本
2020/5/6,10806,2,9333,255,韩国
2020/5/6,84409,3,79268,4643,中国
2020/5/6,101650,1680,81587,6418,伊朗
2020/5/6,167372,1068,137400,6993,德国
2020/5/6,250561,0,154718,25613,西班牙
2020/5/6,213013,1075,85231,29315,意大利
2020/5/6,1237633,24798,200626,72271,美国
2020/5/6,49852,3376,14367,1704,印度
2020/5/6,7572,352,2746,148,南非
2020/5/6,116299,7679,48221,7966,巴西
2020/5/6,165929,10559,21327,1537,俄罗斯
2020/5/6,15253,175,4496,556,日本
2020/5/7,10810,4,9419,256,韩国
2020/5/7,84415,6,79324,4643,中国
2020/5/7,103135,1485,82744,6486,伊朗
2020/5/7,168655,1283,139900,7322,德国
2020/5/7,253682,3121,159359,25857,西班牙
2020/5/7,214457,1444,93245,29684,意大利
2020/5/7,1263092,25459,212981,74799,美国
2020/5/7,53045,3193,15331,1787,印度
2020/5/7,7808,236,3153,153,南非
2020/5/7,127389,11090,51370,8605,巴西
2020/5/7,177160,11231,23803,1625,俄罗斯
2020/5/7,15253,0,4496,556,日本
2020/5/8,10822,12,9484,256,韩国
2020/5/8,84416,1,79401,4643,中国
2020/5/8,104691,1556,83837,6541,伊朗
2020/5/8,169430,775,141700,7392,德国
2020/5/8,256855,3173,163919,26070,西班牙
2020/5/8,215858,1401,96276,29958,意大利
2020/5/8,1292623,29531,217250,76928,美国
2020/5/8,57306,4261,17041,1899,印度
2020/5/8,8232,424,3153,161,南非
2020/5/8,137309,9920,55350,9307,巴西
2020/5/8,187859,10699,26608,1723,俄罗斯
2020/5/8,15477,224,4918,577,日本
2020/5/9,10840,18,9568,256,韩国
2020/5/9,84430,14,79488,4643,中国
2020/5/9,106220,1529,85064,6589,伊朗
2020/5/9,170876,1446,143300,7510,德国
2020/5/9,260117,3262,168408,26299,西班牙
2020/5/9,217185,1327,99023,30201,意大利
2020/5/9,1321785,29162,223603,78615,美国
2020/5/9,61356,4050,18672,2041,印度
2020/5/9,9420,1188,3983,186,南非
2020/5/9,147003,9694,59297,10037,巴西
2020/5/9,198676,10817,31916,1827,俄罗斯
2020/5/9,15575,98,5146,590,日本
2020/5/10,10874,34,9610,256,韩国
2020/5/10,84450,20,79533,4643,中国
2020/5/10,107603,1383,86143,6640,伊朗
2020/5/10,171539,663,144400,7549,德国
2020/5/10,262783,2666,173157,26478,西班牙
2020/5/10,218268,1083,103031,30395,意大利
2020/5/10,1347309,25524,252108,80037,美国
2020/5/10,65021,3665,19665,2153,印度
2020/5/10,9420,0,3983,186,南非
2020/5/10,156604,9601,61685,10697,巴西
2020/5/10,209688,11012,34306,1915,俄罗斯
2020/5/10,15663,88,5906,607,日本
2020/5/11,10909,35,9632,256,韩国
2020/5/11,84451,1,79566,4644,中国
2020/5/11,109286,1683,87422,6685,伊朗
2020/5/11,171999,460,145600,7569,德国
2020/5/11,264663,1880,176439,26621,西班牙
2020/5/11,219070,802,105186,30560,意大利
2020/5/11,1367638,20329,256336,80787,美国
2020/5/11,69149,4128,21664,2249,印度
2020/5/11,10652,1232,4357,206,南非
2020/5/11,163510,6906,64957,11207,巴西
2020/5/11,221344,11656,39801,2009,俄罗斯
2020/5/11,15777,114,8127,624,日本
2020/5/12,10936,27,9610,258,韩国
2020/5/12,84458,7,79594,4644,中国
2020/5/12,110767,1481,88357,6733,伊朗
2020/5/12,172812,813,147200,7667,德国
2020/5/12,268143,3480,177846,26744,西班牙
2020/5/12,219814,744,106587,30739,意大利
2020/5/12,1385834,18196,262225,81795,美国
2020/5/12,72593,3444,23203,2331,印度
2020/5/12,11350,698,4357,206,南非
2020/5/12,170021,6511,67384,11701,巴西
2020/5/12,232243,10899,43512,2116,俄罗斯
2020/5/12,15847,70,8293,633,日本
2020/5/13,10962,26,9695,259,韩国
2020/5/13,84464,6,79621,4644,中国
2020/5/13,112725,1958,89428,6783,伊朗
2020/5/13,173546,734,148700,7780,德国
2020/5/13,269520,1377,180470,26920,西班牙
2020/5/13,221216,1402,109039,30911,意大利
2020/5/13,1408636,22802,296746,83425,美国
2020/5/13,77729,5136,25977,2535,印度
2020/5/13,11350,0,4357,206,南非
2020/5/13,179457,9436,72597,12531,巴西
2020/5/13,242271,10028,48003,2212,俄罗斯
2020/5/13,15968,121,8531,657,日本
2020/5/14,10991,29,9762,260,韩国
2020/5/14,84469,5,79644,4644,中国
2020/5/14,114533,1808,90539,6854,伊朗
2020/5/14,174098,552,150300,7861,德国
2020/5/14,271095,1575,183007,27104,西班牙
2020/5/14,222104,888,112541,31106,意大利
2020/5/14,1430348,21712,310259,85197,美国
2020/5/14,79333,1604,26675,2564,印度
2020/5/14,12074,724,4745,219,南非
2020/5/14,192081,12624,78424,13276,巴西
2020/5/14,252245,9974,53530,2305,俄罗斯
2020/5/14,16049,81,8920,678,日本
2020/5/15,11018,27,9821,260,韩国
2020/5/15,84478,9,79668,4644,中国
2020/5/15,116635,2102,91836,6902,伊朗
2020/5/15,174478,380,151547,7884,德国
2020/5/15,272646,1551,186480,27321,西班牙
2020/5/15,223096,992,115288,31368,意大利
2020/5/15,1457593,27245,318027,86912,美国
2020/5/15,83072,3739,28792,2662,印度
2020/5/15,12739,665,5676,238,南非
2020/5/15,206507,14426,79479,14131,巴西
2020/5/15,262843,10598,58226,2418,俄罗斯
2020/5/15,16120,71,9868,697,日本
2020/5/16,11037,19,9851,262,韩国
2020/5/16,84484,10,79682,4645,中国
2020/5/16,118392,1757,93147,6937,伊朗
2020/5/16,175715,1237,151953,7931,德国
2020/5/16,274367,1721,188967,27459,西班牙
2020/5/16,223885,789,120205,31610,意大利
2020/5/16,1484285,26692,327751,88507,美国
2020/5/16,88506,5434,30786,2760,印度
2020/5/16,13524,785,6083,247,南非
2020/5/16,220291,13784,84970,14962,巴西
2020/5/16,272043,9200,63166,2537,俄罗斯
2020/5/16,16203,83,10338,713,日本
2020/5/17,11050,13,9888,262,韩国
2020/5/17,84494,10,79701,4645,中国
2020/5/17,120198,1806,94464,6988,伊朗
2020/5/17,176369,654,154011,7958,德国
2020/5/17,276505,2138,192253,27563,西班牙
2020/5/17,224760,875,122810,31763,意大利
2020/5/17,1507773,23488,339232,90113,美国
2020/5/17,92239,3733,35603,2911,印度
2020/5/17,14355,831,6478,261,南非
2020/5/17,233511,13220,89672,15662,巴西
2020/5/17,281752,9709,67373,2631,俄罗斯
2020/5/17,16237,34,10338,725,日本
2020/5/18,11065,15,9904,263,韩国
2020/5/18,84500,6,79708,4645,中国
2020/5/18,122492,2294,95661,7057,伊朗
2020/5/18,176551,182,155041,7988,德国
2020/5/18,277719,1214,195945,27650,西班牙
2020/5/18,225435,675,125176,31908,意大利
2020/5/18,1527664,19291,346389,90978,美国
2020/5/18,97577,5338,36824,3041,印度
2020/5/18,15515,1160,7006,264,南非
2020/5/18,244052,10541,94122,16201,巴西
2020/5/18,290678,8926,70209,2722,俄罗斯
2020/5/18,16285,48,11153,744,日本
2020/5/19,11078,13,9938,263,韩国
2020/5/19,84505,5,79715,4645,中国
2020/5/19,124603,2111,97173,7119,伊朗
2020/5/19,177289,738,155681,8067,德国
2020/5/19,278188,469,196958,27709,西班牙
2020/5/19,225886,451,127326,32007,意大利
2020/5/19,1550294,22630,356383,91981,美国
2020/5/19,102335,4758,39674,3169,印度
2020/5/19,16433,918,7298,286,南非
2020/5/19,257396,13344,100459,16941,巴西
2020/5/19,299941,9263,76130,2837,俄罗斯
2020/5/19,16305,20,11564,749,日本
2020/5/20,11110,32,10066,263,韩国
2020/5/20,84507,2,79722,4645,中国
2020/5/20,126949,2346,98808,7183,伊朗
2020/5/20,178150,861,156966,8136,德国
2020/5/20,278803,615,196958,27778,西班牙
2020/5/20,226699,813,129401,32169,意大利
2020/5/20,1570583,20289,361180,93533,美国
2020/5/20,107819,5484,43070,3317,印度
2020/5/20,17200,767,7960,312,南非
2020/5/20,271885,14489,106794,17983,巴西
2020/5/20,308705,8764,85392,2972,俄罗斯
2020/5/20,16367,62,11564,768,日本
2020/5/21,11122,12,10135,264,韩国
2020/5/21,84520,13,79736,4645,中国
2020/5/21,129341,2392,100564,7249,伊朗
2020/5/21,178748,598,158057,8195,德国
2020/5/21,279524,721,196958,27888,西班牙
2020/5/21,227364,665,132282,32330,意大利
2020/5/21,1592723,22140,370076,94936,美国
2020/5/21,113461,5642,46002,3457,印度
2020/5/21,19137,1937,8950,369,南非
2020/5/21,291579,19694,116683,18859,巴西
2020/5/21,317554,8849,92681,3099,俄罗斯
2020/5/21,16385,18,12286,771,日本
2020/5/22,11142,20,10162,264,韩国
2020/5/22,84522,2,79740,4645,中国
2020/5/22,131652,2311,102276,7300,伊朗
2020/5/22,179150,402,159025,8219,德国
2020/5/22,280117,593,196958,27940,西班牙
2020/5/22,228006,642,134560,32486,意大利
2020/5/22,1620897,28714,382169,96354,美国
2020/5/22,119574,6113,49026,3600,印度
2020/5/22,19137,0,8950,369,南非
2020/5/22,310087,18508,125960,20047,巴西
2020/5/22,326448,8894,99825,3249,俄罗斯
2020/5/22,16424,39,12672,777,日本
2020/5/23,11165,23,10194,266,韩国
2020/5/23,84525,3,79746,4645,中国
2020/5/23,133521,1869,104072,7359,伊朗
2020/5/23,179787,637,159681,8256,德国
2020/5/23,281904,1787,196958,28628,西班牙
2020/5/23,228658,652,136720,32616,意大利
2020/5/23,1644979,24082,433597,97647,美国
2020/5/23,130506,10932,53947,3850,印度
2020/5/23,20125,988,10104,397,南非
2020/5/23,330890,20803,135430,21048,巴西
2020/5/23,335882,9434,107936,3388,俄罗斯
2020/5/23,16513,89,13005,796,日本
2020/5/24,11190,25,10213,266,韩国
2020/5/24,84536,11,79757,4645,中国
2020/5/24,135701,2180,105801,7417,伊朗
2020/5/24,180072,285,160263,8283,德国
2020/5/24,282370,466,196958,28678,西班牙
2020/5/24,229327,669,138840,32735,意大利
2020/5/24,1666828,21849,446914,98683,美国
2020/5/24,133725,3219,54865,3909,印度
2020/5/24,21343,1218,10104,407,南非
2020/5/24,347398,16508,142587,22013,巴西
2020/5/24,344481,8599,113299,3541,俄罗斯
2020/5/24,16536,23,13244,808,日本
2020/5/25,11206,16,10226,267,韩国
2020/5/25,84543,7,79767,4645,中国
2020/5/25,137724,2023,107713,7451,伊朗
2020/5/25,180420,348,161163,8300,德国
2020/5/25,282852,482,196958,28752,西班牙
2020/5/25,229858,531,140479,32785,意大利
2020/5/25,1689727,22899,451749,99381,美国
2020/5/25,144069,10344,58727,4117,印度
2020/5/25,22583,1240,11100,429,南非
2020/5/25,363211,15813,149911,22666,巴西
2020/5/25,353427,8946,118798,3633,俄罗斯
2020/5/25,16550,14,13413,820,日本
2020/5/26,11225,19,10275,269,韩国
2020/5/26,84544,1,79774,4645,中国
2020/5/26,139511,1787,109437,7508,伊朗
2020/5/26,180802,382,161599,8329,德国
2020/5/26,282852,0,196958,28752,西班牙
2020/5/26,230158,300,141981,32877,意大利
2020/5/26,1709690,19963,466076,99914,美国
2020/5/26,147144,3075,61923,4197,印度
2020/5/26,23615,1032,11917,481,南非
2020/5/26,374898,11687,153833,23473,巴西
2020/5/26,362342,8915,131129,3807,俄罗斯
2020/5/26,16581,31,13612,830,日本
2020/5/27,11265,40,10295,269,韩国
2020/5/27,84547,3,79786,4645,中国
2020/5/27,141591,2080,111176,7564,伊朗
2020/5/27,181524,722,162800,8416,德国
2020/5/27,283339,487,196958,27117,西班牙
2020/5/27,230555,397,144658,32955,意大利
2020/5/27,1728954,19264,480273,100686,美国
2020/5/27,154820,7676,65944,4406,印度
2020/5/27,24264,649,12741,524,南非
2020/5/27,391222,16324,158593,24512,巴西
2020/5/27,370680,8338,142208,3968,俄罗斯
2020/5/27,16623,42,13810,846,日本
2020/5/28,11344,79,10340,269,韩国
2020/5/28,84547,0,79791,4645,中国
2020/5/28,143849,2258,112988,7627,伊朗
2020/5/28,181918,394,163222,8463,德国
2020/5/28,283849,510,196958,27118,西班牙
2020/5/28,231139,584,147101,33072,意大利
2020/5/28,1745803,16849,490130,102107,美国
2020/5/28,163120,8300,69534,4653,印度
2020/5/28,25937,1673,13451,552,南非
2020/5/28,411821,20599,166647,25598,巴西
2020/5/28,379051,8371,150993,4142,俄罗斯
2020/5/28,16651,28,13973,858,日本
2020/5/29,11402,58,1363,269,韩国
2020/5/29,84565,18,79802,4645,中国
2020/5/29,146668,2819,114931,7677,伊朗
2020/5/29,182559,641,164213,8497,德国
2020/5/29,284986,1137,196958,27119,西班牙
2020/5/29,231732,593,150604,33142,意大利
2020/5/29,1772578,26775,499574,103441,美国
2020/5/29,169011,5891,72543,4820,印度
2020/5/29,27403,1466,14370,577,南非
2020/5/29,438238,26417,177604,26754,巴西
2020/5/29,387623,8572,159257,4374,俄罗斯
2020/5/29,16673,22,14213,887,日本
2020/5/30,11441,39,10398,269,韩国
2020/5/30,84570,5,79806,4645,中国
2020/5/30,148950,2282,116827,7734,伊朗
2020/5/30,183125,566,164887,8527,德国
2020/5/30,285644,658,196958,27121,西班牙
2020/5/30,232248,516,152844,33229,意大利
2020/5/30,1793530,20952,519569,104542,美国
2020/5/30,175957,6946,83878,4996,印度
2020/5/30,29240,1837,15093,611,南非
2020/5/30,465166,26928,189476,27878,巴西
2020/5/30,396575,8952,167469,4555,俄罗斯
2020/5/30,16716,43,14231,891,日本
2020/5/31,11468,27,10405,270,韩国
2020/5/31,84588,18,79812,4645,中国
2020/5/31,151466,2516,118848,7797,伊朗
2020/5/31,183370,245,165331,8539,德国
2020/5/31,286308,664,196958,27125,西班牙
2020/5/31,232664,416,155633,33340,意大利
2020/5/31,1816820,23290,535238,105557,美国
2020/5/31,188989,13032,90056,5358,印度
2020/5/31,30967,1727,16116,643,南非
2020/5/31,498440,33274,200892,28834,巴西
2020/5/31,405843,9268,171883,4693,俄罗斯
2020/5/31,16751,35,14342,898,日本
2020/6/1,11503,35,10422,271,韩国
2020/6/1,84597,,79824,4645,中国
2020/6/1,151466,0,1188488,7797,伊朗
2020/6/1,183508,138,165592,8546,德国
2020/6/1,286509,201,196958,27127,西班牙
2020/6/1,232997,333,157507,33415,意大利
2020/6/1,1837170,20350,599867,106195,美国
2020/6/1,194700,5711,93343,5495,印度
2020/6/1,34357,3390,16809,705,南非
2020/6/1,514849,16409,206555,29314,巴西
2020/6/1,16787,36,14463,899,日本
2020/6/2,11541,,10446,272,韩国
2020/6/2,84602,,79824,4645,中国
2020/6/2,157562,,123077,7942,伊朗
2020/6/2,183898,390,166400,8636,德国
2020/6/2,233197,,158355,33475,意大利
2020/6/2,1862879,,615719,107135,美国
2020/6/2,201997,7297,96788,5638,印度
2020/6/2,35812,1455,17291,705,南非
2020/6/2,526447,11598,211080,29937,巴西
2020/6/2,16837,50,14585,902,日本
2020/6/3,11590,,10467,273,韩国
2020/6/3,84603,,79831,4645,中国
2020/6/3,160696,,125206,8012,伊朗
2020/6/3,184163,265,167300,8677,德国
2020/6/3,233515,,160092,33530,意大利
2020/6/3,1887708,,646614,108291,美国
2020/6/3,207191,5194,100285,5829,印度
2020/6/3,35812,0,18313,755,南非
2020/6/3,555383,28936,223638,31199,巴西
2020/6/3,16837,0,14585,902,日本
2020/6/4,216919,9728,104107,6088,印度
2020/6/4,37525,1713,19682,792,南非
2020/6/4,584016,28633,238617,32548,巴西
2020/6/4,16911,74,14785,911,日本
2020/6/5,16911,0,14785,911,日本
