date,open,High,Low,Close,Adj Close,Volume
2014/11/3,41.16,41.450001,40.720001,40.959999,40.959999,4294700
2014/11/4,40.75,41,40.400002,40.639999,40.639999,4099400
2014/11/5,40.919998,41.080002,40.18,40.73,40.73,2691900
2014/11/6,40.77,41.139999,40.720001,40.799999,40.799999,2099100
2014/11/7,40.740002,41,40.110001,40.939999,40.939999,3717600
2014/11/10,40.98,41.43,40.610001,41.259998,41.259998,4467300
2014/11/11,41.290001,41.419998,41.02,41.139999,41.139999,2150700
2014/11/12,41.060001,41.279999,40.580002,41.200001,41.200001,2827700
2014/11/13,41.34,41.720001,41.07,41.450001,41.450001,3780900
2014/11/14,41.5,41.639999,40.869999,41.470001,41.470001,3687600
2014/11/17,41.400002,41.950001,41.200001,41.400002,41.400002,2293300
2014/11/18,41.82,42.889999,41.720001,42.869999,42.869999,4571800
2014/11/19,42.869999,43.73,42.349998,43.450001,43.450001,6215300
2014/11/20,43.259998,43.48,43.07,43.150002,43.150002,5915400
2014/11/21,43.669998,44.060001,43.25,43.5,43.5,3328500
2014/11/24,43.560001,43.790001,43.389999,43.599998,43.599998,3128100
2014/11/25,43.619999,44.5,43.57,44.009998,44.009998,4211900
2014/11/26,43.93,43.970001,43.52,43.68,43.68,3562700
2014/11/28,44.09,44.189999,43.560001,43.93,43.93,2135100
2014/12/1,43.759998,43.860001,43.040001,43.150002,43.150002,3683500
2014/12/2,43.209999,43.84,43.130001,43.630001,43.630001,2944100
2014/12/3,43.439999,46.23,43.439999,45.990002,45.990002,7562700
2014/12/4,45.799999,46.98,45.48,46.490002,46.490002,6607800
2014/12/5,46.52,47.130001,46.16,46.66,46.66,3777700
2014/12/8,46.439999,46.57,45.689999,46.009998,46.009998,4087600
2014/12/9,45.560001,45.860001,44.950001,45.580002,45.580002,5206400
2014/12/10,45.529999,45.939999,44.560001,44.759998,44.759998,4254300
2014/12/11,44.830002,45.73,44.82,45.119999,45.119999,2814300
2014/12/12,44.73,45.790001,44.540001,44.900002,44.900002,3546400
2014/12/15,45,46.389999,44.93,45.450001,45.450001,5530700
2014/12/16,45.23,46.18,44.869999,45.450001,45.450001,5673300
2014/12/17,45.5,46.5,45.220001,46.060001,46.060001,5668100
2014/12/18,46.169998,47.259998,46.169998,47.240002,47.240002,6805100
2014/12/19,47.5,47.689999,47.060001,47.459999,47.459999,9988300
2014/12/22,47.68,48.360001,47.490002,47.849998,47.849998,3072000
2014/12/23,47.98,48.34,47.41,47.84,47.84,2993000
2014/12/24,47.959999,48.310001,47.860001,48.060001,48.060001,844900
2014/12/26,48.080002,48.529999,47.779999,48.330002,48.330002,1161700
2014/12/29,48.330002,48.52,47.52,47.59,47.59,1750300
2014/12/30,47.619999,47.799999,47.25,47.380001,47.380001,1796100
2014/12/31,47.5,47.950001,46.970001,47.02,47.02,1842300
2015/1/2,47.189999,47.669998,46.580002,46.869999,46.869999,1959800
2015/1/5,46.959999,47.34,46.52,46.57,46.57,2727600
2015/1/6,46.869999,47.330002,45.419998,45.959999,45.959999,4418900
2015/1/7,46.27,47.029999,46.099998,46.810001,46.810001,4849400
2015/1/8,47.009998,48.25,47.009998,48.130001,48.130001,3877000
2015/1/9,48.049999,48.25,47.07,47.509998,47.509998,3181400
2015/1/12,47.549999,47.619999,46.509998,47.060001,47.060001,2158300
2015/1/13,47.59,48.18,46.02,46.419998,46.419998,3287300
2015/1/14,45.52,46.950001,45.209999,46.900002,46.900002,3100400
2015/1/15,46.93,46.990002,45.990002,46.639999,46.639999,3073500
2015/1/16,46.669998,48.16,46.259998,48.09,48.09,3220000
2015/1/20,48.240002,48.59,47.509998,47.810001,47.810001,4049400
2015/1/21,47.709999,48.490002,47.290001,48.07,48.07,4209300
2015/1/22,48.34,49.400002,47.919998,49.360001,49.360001,3478700
2015/1/23,49.43,50.41,49.330002,49.790001,49.790001,5258600
2015/1/26,49.299999,49.790001,48.790001,49.48,49.48,4310900
2015/1/27,48.799999,49.169998,48.220001,48.41,48.41,5998000
2015/1/28,51.860001,55.169998,51.220001,54.610001,54.610001,16170000
2015/1/29,54.43,55.580002,53.880001,55.330002,55.330002,8256700
2015/1/30,55,55.799999,54.470001,54.860001,54.860001,5048600
2015/2/2,55.029999,55.110001,53.549999,54.970001,54.970001,5238900
2015/2/3,55.040001,55.25,53.970001,54.52,54.52,4349100
2015/2/4,54.540001,55.279999,54.040001,54.560001,54.560001,3670300
2015/2/5,54.73,56.700001,54.610001,56.389999,56.389999,4959300
2015/2/6,56.279999,56.950001,54.799999,55.139999,55.139999,4833600
2015/2/9,54.700001,55,54.080002,54.279999,54.279999,3216000
2015/2/10,54.470001,55.080002,53.860001,54.759998,54.759998,3769500
2015/2/11,54.869999,55.279999,54.52,54.950001,54.950001,2193000
2015/2/12,55.290001,56.639999,55.220001,56.200001,56.200001,3783200
2015/2/13,56.349998,56.91,55.639999,56.389999,56.389999,2907200
2015/2/17,56.459999,56.900002,55.939999,56.759998,56.759998,3174000
2015/2/18,56.580002,57.619999,56.52,57.610001,57.610001,3469500
2015/2/19,57.610001,57.700001,57.080002,57.139999,57.139999,3000800
2015/2/20,57.139999,57.720001,56.669998,57.669998,57.669998,2284400
2015/2/23,57.830002,57.900002,57.200001,57.549999,57.549999,1833400
2015/2/24,57.400002,57.810001,57.139999,57.630001,57.630001,3351900
2015/2/25,57.650002,57.84,57.009998,57.389999,57.389999,2556900
2015/2/26,57.490002,58.869999,57.360001,57.73,57.73,2751300
2015/2/27,56.810001,57.759998,56.549999,57.18,57.18,2955000
2015/3/2,57.18,57.799999,56.990002,57.450001,57.450001,1606700
2015/3/3,57.25,57.360001,56.330002,56.669998,56.669998,1980900
2015/3/4,56.48,57.209999,56.220001,57.200001,57.200001,2631100
2015/3/5,57.189999,57.830002,57.009998,57.380001,57.380001,1998700
2015/3/6,57.220001,57.220001,56.169998,56.360001,56.360001,1769400
2015/3/9,56.389999,56.919998,56.25,56.669998,56.669998,2344000
2015/3/10,55.380001,56,54.509998,55.049999,55.049999,4566900
2015/3/11,54.799999,56.130001,54.75,55.09,55.09,2814500
2015/3/12,55.490002,55.490002,54.790001,55.060001,55.060001,2891200
2015/3/13,55.049999,56.369999,54.849998,55.299999,55.299999,3546400
2015/3/16,55.619999,56.459999,55.509998,55.82,55.82,2821000
2015/3/17,55.259998,55.41,54.029999,54.169998,54.169998,4692900
2015/3/18,54.23,55.790001,54.02,55.630001,55.630001,7023000
2015/3/19,55.599998,56.349998,55.380001,55.959999,55.959999,2384900
2015/3/20,56.400002,57.48,56.32,57.279999,57.279999,4443500
2015/3/23,57.439999,57.970001,57.27,57.27,57.27,2146900
2015/3/24,57.43,58.380001,57.110001,57.959999,57.959999,3347900
2015/3/25,57.880001,58.25,56.07,56.09,56.09,2855900
2015/3/26,55.290001,56.299999,54.689999,56.080002,56.080002,3926700
2015/3/27,56.43,58.279999,56.200001,58.240002,58.240002,4672100
2015/3/30,58.720001,60.209999,58.580002,59.470001,59.470001,4117500
2015/3/31,59,59.439999,58.490002,58.82,58.82,2471000
2015/4/1,58.939999,58.959999,57.169998,57.279999,57.279999,4341100
2015/4/2,57.240002,57.98,56.950001,57.650002,57.650002,2709500
2015/4/6,57.110001,58.07,57.009998,57.119999,57.119999,2374900
2015/4/7,57.040001,58.139999,56.970001,57.799999,57.799999,2071200
2015/4/8,57.810001,58.34,57.610001,58.150002,58.150002,2091300
2015/4/9,57.98,58.849998,57.32,57.5,57.5,2008100
2015/4/10,57.740002,58.389999,57.25,58.360001,58.360001,2546800
2015/4/13,58.290001,58.439999,57.23,57.330002,57.330002,1577800
2015/4/14,57.290001,57.98,56.639999,57.07,57.07,2287400
2015/4/15,57.139999,57.689999,56.619999,56.860001,56.860001,2361300
2015/4/16,56.82,57.049999,56.610001,56.860001,56.860001,1372200
2015/4/17,56.400002,56.580002,55.52,56.029999,56.029999,2853600
2015/4/20,56.439999,57.32,56.099998,57.290001,57.290001,2048600
2015/4/21,57.540001,59.130001,57.360001,59.029999,59.029999,4089800
2015/4/22,59.34,59.889999,59.029999,59.810001,59.810001,2569200
2015/4/23,59.759998,60.279999,59.439999,59.880001,59.880001,2476500
2015/4/24,59.900002,59.91,59.380001,59.889999,59.889999,1824100
2015/4/27,59.990002,60.630001,59.689999,59.84,59.84,3178200
2015/4/28,59.700001,60.139999,58.619999,59.110001,59.110001,2695900
2015/4/29,58.880001,59.509998,58.200001,58.619999,58.619999,1959600
2015/4/30,58.369999,58.869999,57.630001,58.09,58.09,2578400
2015/5/1,58.25,59.52,58.110001,59.330002,59.330002,2257800
2015/5/4,59.52,59.580002,58.490002,59.310001,59.310001,3425300
2015/5/5,59.41,59.68,58.549999,59.16,59.16,4662300
2015/5/6,61.349998,63.25,60.540001,60.93,60.93,12687900
2015/5/7,61.209999,61.450001,60.16,60.27,60.27,4081500
2015/5/8,61,62.240002,60.830002,61.880001,61.880001,3324300
2015/5/11,61.900002,63.459999,61.599998,62.59,62.59,4825100
2015/5/12,62.240002,62.900002,61.599998,62.459999,62.459999,2674400
2015/5/13,62,62.220001,60.84,61.73,61.73,3031600
2015/5/14,62.299999,63.119999,61.950001,63.09,63.09,2962300
2015/5/15,62.810001,63.32,62.490002,62.880001,62.880001,1979300
2015/5/18,62.549999,63.5,62.540001,63.299999,63.299999,1985900
2015/5/19,62.560001,62.98,62.400002,62.610001,62.610001,4319300
2015/5/20,62.52,62.630001,61.84,62.240002,62.240002,1796200
2015/5/21,62.259998,62.91,61.610001,62.689999,62.689999,2427000
2015/5/22,62.599998,63.130001,62.380001,62.560001,62.560001,2137300
2015/5/26,62.57,62.970001,62.27,62.529999,62.529999,2305200
2015/5/27,62.610001,63.970001,62.610001,63.860001,63.860001,3481500
2015/5/28,63.330002,64.300003,63.23,63.27,63.27,1934100
2015/5/29,63.07,64.150002,62.669998,62.759998,62.759998,2381900
2015/6/1,63.060001,63.299999,62.200001,62.889999,62.889999,1962400
2015/6/2,62.5,63.459999,62.459999,62.98,62.98,2123400
2015/6/3,63.330002,63.689999,63.02,63.369999,63.369999,1221200
2015/6/4,63.09,63.450001,62.5,62.630001,62.630001,1385200
2015/6/5,62.599998,63.139999,62.09,62.900002,62.900002,2040000
2015/6/8,63.07,63.18,61.490002,61.66,61.66,1956700
2015/6/9,61.580002,62,61.110001,61.779999,61.779999,1540400
2015/6/10,62.139999,62.68,61.509998,62.529999,62.529999,1613300
2015/6/11,62.48,62.82,62.150002,62.59,62.59,1512900
2015/6/12,62.540001,63.009998,62.040001,62.75,62.75,1659200
2015/6/15,62.060001,62.060001,61.380001,61.57,61.57,2074900
2015/6/16,61.560001,62.93,61.560001,62.860001,62.860001,2637100
2015/6/17,63.07,64.650002,63.040001,64.480003,64.480003,3290400
2015/6/18,64.440002,65.669998,64.150002,65.269997,65.269997,3939000
2015/6/19,65.269997,66.330002,64.660004,65.949997,65.949997,4141900
2015/6/22,66.199997,67.120003,66.010002,66.620003,66.620003,2591700
2015/6/23,66.800003,67.489998,66.150002,66.580002,66.580002,2514100
2015/6/24,67.730003,68.25,67.059998,67.68,67.68,3317800
2015/6/25,67.940002,68.269997,67.43,67.449997,67.449997,2107800
2015/6/26,67.519997,68,66.889999,67.629997,67.629997,4895400
2015/6/29,66.769997,67.379997,66.080002,66.220001,66.220001,1955900
2015/6/30,66.599998,66.980003,66.18,66.5,66.5,3140100
2015/7/1,67.370003,68.220001,67.089996,68,68,2618800
2015/7/2,68.480003,68.480003,67.220001,67.800003,67.800003,1657900
2015/7/6,67.139999,68.300003,67.120003,68.010002,68.010002,3583100
2015/7/7,69.059998,69.949997,67.959999,69.889999,69.889999,4895500
2015/7/8,69.580002,69.940002,68.82,69,69,4506100
2015/7/9,69.889999,70.940002,69.68,70.5,70.5,4400000
2015/7/10,71.25,72.5,70.809998,72.07,72.07,3838700
2015/7/13,72.410004,73.849998,72.410004,73.540001,73.540001,3613000
2015/7/14,73.559998,73.599998,72.029999,72.25,72.25,6261300
2015/7/15,72.519997,72.989998,72.330002,72.5,72.5,4733600
2015/7/16,72.800003,73.230003,72.400002,72.970001,72.970001,4419000
2015/7/17,72.949997,73.550003,72.389999,73.470001,73.470001,3745200
2015/7/20,74.480003,74.919998,73.610001,74.790001,74.790001,2703400
2015/7/21,75.040001,75.099998,73.339996,73.68,73.68,2453700
2015/7/22,73.639999,73.839996,71.889999,72.919998,72.919998,5244800
2015/7/23,73.32,73.580002,71.760002,71.809998,71.809998,3533700
2015/7/24,71.809998,72.510002,71.239998,72.290001,72.290001,4286000
2015/7/27,72.43,72.839996,70.959999,71.220001,71.220001,3422600
2015/7/28,72.019997,72.489998,71.150002,71.800003,71.800003,3383700
2015/7/29,71.910004,72.5,71.089996,72.18,72.18,2676500
2015/7/30,72.010002,72.650002,71.029999,72.300003,72.300003,3790100
2015/7/31,71.029999,72.730003,70.5,71.550003,71.550003,5699000
2015/8/3,71.279999,71.919998,70.139999,70.970001,70.970001,3850200
2015/8/4,70.699997,71.940002,70.699997,71.800003,71.800003,2748500
2015/8/5,72.370003,75.760002,72.25,75.160004,75.160004,5833000
2015/8/6,75,75.650002,73.5,74.010002,74.010002,4591900
2015/8/7,73.760002,73.940002,72.419998,73.360001,73.360001,3081100
2015/8/10,74.199997,74.830002,73.699997,73.970001,73.970001,2849900
2015/8/11,73.489998,73.879997,72.860001,73.82,73.82,2459700
2015/8/12,73.190002,73.93,71.699997,73.720001,73.720001,2866100
2015/8/13,73.550003,74.120003,73.029999,73.379997,73.379997,1990700
2015/8/14,73.419998,73.760002,72.720001,72.82,72.82,2181500
2015/8/17,72.839996,73.900002,72.239998,73.699997,73.699997,2648900
2015/8/18,74.110001,74.5,73.18,73.849998,73.849998,2816000
2015/8/19,73.550003,73.720001,71.410004,71.610001,71.610001,3176400
2015/8/20,70.900002,71.489998,67.610001,67.709999,67.709999,5037200
2015/8/21,65.260002,67.239998,64.010002,65.529999,65.529999,5396800
2015/8/24,60.25,65.440002,59.470001,63.700001,63.700001,6606300
2015/8/25,65.900002,66.279999,63.470001,63.540001,63.540001,5778700
2015/8/26,65.5,66.480003,63.66,66.339996,66.339996,4342400
2015/8/27,67.150002,67.639999,65.5,67.160004,67.160004,2922100
2015/8/28,66.620003,68.470001,66.510002,67.910004,67.910004,2978400
2015/8/31,67.099998,67.900002,65.980003,66.150002,66.150002,3049500
2015/9/1,64.389999,65.739998,63.029999,63.43,63.43,5043700
2015/9/2,64.43,65.120003,63.970001,64.669998,64.669998,3804900
2015/9/3,65.290001,66.5,65.029999,65.790001,65.790001,3482300
2015/9/4,64.839996,66.580002,64.440002,66.370003,66.370003,3601000
2015/9/8,67.550003,68.610001,67,68.5,68.5,3205700
2015/9/9,69.540001,70.169998,67.57,67.779999,67.779999,2357500
2015/9/10,67.540001,69.440002,67.540001,68.739998,68.739998,2087400
2015/9/11,68.230003,68.970001,67.830002,68.910004,68.910004,1681600
2015/9/14,68.860001,69.050003,68.129997,68.349998,68.349998,1682800
2015/9/15,68.389999,69.660004,68.309998,69.379997,69.379997,1729000
2015/9/16,69.709999,70.419998,69.089996,70.279999,70.279999,2184200
2015/9/17,70.220001,71.989998,69.870003,71.059998,71.059998,2263900
2015/9/18,70.349998,71.220001,69.75,70.07,70.07,3503100
2015/9/21,70.410004,71.610001,70.059998,70.580002,70.580002,2078200
2015/9/22,69.550003,70.269997,68.220001,68.690002,68.690002,2412500
2015/9/23,68.849998,69.779999,68.589996,69.459999,69.459999,2862100
2015/9/24,68.860001,69.279999,67.669998,68.809998,68.809998,2113400
2015/9/25,69.970001,70.830002,68.970001,69.489998,69.489998,2800400
2015/9/28,68.949997,69.220001,65.949997,66.459999,66.459999,2622300
2015/9/29,67,67.360001,65.550003,66,66,2251900
2015/9/30,66.809998,67.870003,66.489998,67.75,67.75,2394000
2015/10/1,68.040001,68.040001,66.440002,67.199997,67.199997,2915900
2015/10/2,66.360001,66.5,64.839996,66.489998,66.489998,3047600
2015/10/5,67.330002,68.099998,66.970001,67.589996,67.589996,2736900
2015/10/6,67.410004,68.089996,66.339996,66.550003,66.550003,1772300
2015/10/7,66.559998,66.839996,65.190002,66.110001,66.110001,3694100
2015/10/8,65.900002,66.099998,64.699997,65.800003,65.800003,2459600
2015/10/9,65.589996,65.639999,64.540001,65.040001,65.040001,4272200
2015/10/12,65.129997,68.25,64.650002,68.110001,68.110001,4131800
2015/10/13,68,69.150002,67.339996,68.419998,68.419998,3374800
2015/10/14,68.379997,71.300003,68.089996,70.57,70.57,4007000
2015/10/15,71.019997,71.489998,70.18,70.970001,70.970001,2690800
2015/10/16,70.779999,71.779999,70.260002,71.709999,71.709999,2872100
2015/10/19,71.900002,73.540001,71.510002,72.290001,72.290001,3500000
2015/10/20,72.599998,73.089996,71.300003,72.300003,72.300003,2169400
2015/10/21,72.68,73.440002,72,72.790001,72.790001,2332400
2015/10/22,73.099998,74.849998,73.019997,74.540001,74.540001,2980900
2015/10/23,75,75.489998,74.440002,74.919998,74.919998,3279000
2015/10/26,75,75.43,73.760002,74.080002,74.080002,2476000
2015/10/27,73.910004,75.580002,73.699997,75.269997,75.269997,2693600
2015/10/28,76,76.800003,75.07,76.769997,76.769997,3323800
2015/10/29,76.5,76.919998,75.360001,76.059998,76.059998,3248000
2015/10/30,75,75.599998,70.629997,72.07,72.07,11133200
2015/11/2,72.599998,74.889999,71.879997,72,72,4709900
2015/11/3,71.82,72.739998,70.339996,71.900002,71.900002,4237400
2015/11/4,71.93,74.32,71.730003,74.290001,74.290001,3574100
2015/11/5,74.75,74.93,73.120003,74.059998,74.059998,2057100
2015/11/6,73.830002,74.190002,72.239998,72.379997,72.379997,3192400
2015/11/9,72.370003,72.379997,70.160004,70.940002,70.940002,3036100
2015/11/10,70.599998,70.940002,69.849998,70.830002,70.830002,2150500
2015/11/11,70.790001,71.699997,69.870003,71.300003,71.300003,2307200
2015/11/12,71.360001,72.699997,70.540001,71.660004,71.660004,3083100
2015/11/13,71.309998,72.040001,69.839996,69.889999,69.889999,3557400
2015/11/16,69.980003,70.160004,66.68,67.989998,67.989998,6314500
2015/11/17,65.080002,69.059998,64.910004,68.099998,68.099998,5890600
2015/11/18,68.160004,68.599998,66.839996,68.419998,68.419998,3259900
2015/11/19,68.949997,71.269997,68.239998,71.080002,71.080002,4413900
2015/11/20,71.440002,72.779999,70.139999,72.419998,72.419998,4295800
2015/11/23,72.639999,73.860001,67.599998,68.980003,68.980003,11898700
2015/11/24,68.43,68.690002,66.910004,67.059998,67.059998,5144400
2015/11/25,67.300003,69.800003,66.699997,69.510002,69.510002,3600700
2015/11/27,69.629997,70.550003,68.459999,68.879997,68.879997,1485500
2015/11/30,69.190002,69.639999,67.580002,67.790001,67.790001,5245300
2015/12/1,68.040001,69.290001,67.400002,68.629997,68.629997,3703000
2015/12/2,69.010002,69.550003,68.589996,69.339996,69.339996,4953200
2015/12/3,69.540001,70.449997,66.93,67.220001,67.220001,3862100
2015/12/4,68.379997,70.669998,68.379997,70.379997,70.379997,3897100
2015/12/7,70.739998,71.940002,70.349998,70.790001,70.790001,3654800
2015/12/8,70.400002,71.169998,69.949997,70.989998,70.989998,4446600
2015/12/9,70.75,70.989998,66.620003,67.089996,67.089996,8308200
2015/12/10,67.510002,67.889999,66.080002,66.370003,66.370003,3396400
2015/12/11,67.489998,69.650002,66.709999,67.169998,67.169998,6058300
2015/12/14,67.349998,69.980003,67.349998,69.660004,69.660004,4634100
2015/12/15,70.519997,73.589996,69.849998,72.330002,72.330002,6754300
2015/12/16,73.07,73.480003,69.330002,72.040001,72.040001,4829000
2015/12/17,72.209999,72.720001,71.099998,71.120003,71.120003,3037800
2015/12/18,70.629997,71.120003,68.940002,68.980003,68.980003,4941800
2015/12/21,69.440002,69.889999,67.400002,68.709999,68.709999,2873100
2015/12/22,69.300003,69.449997,68.32,69.07,69.07,1650800
2015/12/23,69.5,69.769997,67.800003,68.639999,68.639999,2424700
2015/12/24,68.690002,69.300003,67.739998,68.949997,68.949997,1019900
2015/12/28,68.589996,69.209999,68.050003,69.190002,69.190002,1149000
2015/12/29,69.5,70.239998,69.199997,69.849998,69.849998,1467000
2015/12/30,69.889999,70.360001,69.540001,69.650002,69.650002,1430800
2015/12/31,69.440002,69.669998,68.709999,68.720001,68.720001,1144000
2016/1/4,67.18,67.57,65.099998,66.099998,66.099998,4053000
2016/1/5,66.099998,66.82,64.839996,64.940002,64.940002,3304600
2016/1/6,63.610001,64.290001,62.560001,63.68,63.68,3764500
2016/1/7,62.32,64.709999,61.549999,62.459999,62.459999,4369300
2016/1/8,63.209999,65.010002,62.950001,63.130001,63.130001,3909700
2016/1/11,63.389999,64.809998,63.25,64.209999,64.209999,3742200
2016/1/12,64.660004,66.089996,64.639999,65.620003,65.620003,3469400
2016/1/13,66.260002,66.589996,63.18,63.380001,63.380001,3957400
2016/1/14,63.299999,64.959999,61.5,64.480003,64.480003,4446600
2016/1/15,64.339996,66.709999,63.509998,66.059998,66.059998,8580700
2016/1/19,66.839996,68.239998,66.419998,67.370003,67.370003,5040300
2016/1/20,66.199997,67.690002,65.040001,66.849998,66.849998,4663500
2016/1/21,67.190002,67.559998,65.790001,67.029999,67.029999,3894400
2016/1/22,68,69.400002,67.300003,69.360001,69.360001,3969300
2016/1/25,69.290001,70.489998,68.760002,69.919998,69.919998,5422500
2016/1/26,69.900002,71.489998,69.610001,70.830002,70.830002,5543000
2016/1/27,70.889999,71.349998,69.260002,69.489998,69.489998,4291000
2016/1/28,70.699997,71.029999,68.720001,69.790001,69.790001,5967200
2016/1/29,67.440002,67.480003,62.799999,64.550003,64.550003,17918900
2016/2/1,64.169998,65.440002,63.310001,64.199997,64.199997,6740000
2016/2/2,63.869999,63.990002,60.130001,60.66,60.66,7815800
2016/2/3,61.77,61.919998,58.73,59.610001,59.610001,9419400
2016/2/4,59.439999,59.860001,57.52,58.73,58.73,8686800
2016/2/5,58.369999,58.57,54.849998,55.5,55.5,7717600
2016/2/8,54.389999,56.57,53.009998,56.32,56.32,8224100
2016/2/9,56.259998,59.189999,55.82,58.25,58.25,9007900
2016/2/10,59.34,60.07,58.66,58.98,58.98,4990600
2016/2/11,57.959999,59.110001,57.759998,58.189999,58.189999,6672900
2016/2/12,58.049999,59.369999,57.32,59.25,59.25,5256100
2016/2/16,59.830002,60,58.880001,59.360001,59.360001,3909400
2016/2/17,60.25,60.540001,58.810001,59.84,59.84,4962600
2016/2/18,59.57,59.919998,58.23,58.349998,58.349998,5122700
2016/2/19,58.34,59.900002,58.099998,59.57,59.57,5700800
2016/2/22,60.07,63.310001,59.970001,63.27,63.27,6881900
2016/2/23,63,63.330002,61.459999,61.52,61.52,4817100
2016/2/24,60.919998,63.48,60.709999,63.200001,63.200001,4455700
2016/2/25,63.549999,64.720001,63.34,64.68,64.68,4277300
2016/2/26,64.809998,65.110001,63.77,64.449997,64.449997,3260200
2016/2/29,63.970001,65.25,63.970001,64.239998,64.239998,3436600
2016/3/1,64.449997,65.690002,64.260002,65.480003,65.480003,3437100
2016/3/2,65.18,66.25,64.629997,66.089996,66.089996,3354600
2016/3/3,65.800003,66.010002,64.18,64.800003,64.800003,3946600
2016/3/4,64.410004,64.860001,63.080002,64.43,64.43,3704300
2016/3/7,63.889999,64.43,62.91,63.59,63.59,2840900
2016/3/8,63.049999,64.18,62.599998,62.959999,62.959999,3570600
2016/3/9,63.189999,64.040001,62.740002,63.919998,63.919998,3124000
2016/3/10,64.150002,64.419998,62.580002,63.5,63.5,3274100
2016/3/11,63.830002,64.650002,63.529999,64.470001,64.470001,2586300
2016/3/14,63.810001,65.309998,63.810001,64.790001,64.790001,1858500
2016/3/15,64.190002,65.900002,64.190002,65.720001,65.720001,2475900
2016/3/16,65.629997,66.169998,64.57,66,66,2210600
2016/3/17,65.089996,65.75,63.240002,64.669998,64.669998,4905000
2016/3/18,64.900002,65.32,63.82,64.32,64.32,4186100
2016/3/21,64.050003,64.400002,63.509998,63.939999,63.939999,2437100
2016/3/22,63.700001,64.279999,63.27,63.869999,63.869999,2842700
2016/3/23,63.900002,65.5,63.580002,65.050003,65.050003,3352400
2016/3/24,64.599998,65.730003,64.07,64.239998,64.239998,3087800
2016/3/28,64.129997,65.019997,63.599998,64.639999,64.639999,2305600
2016/3/29,64.510002,66.379997,64.440002,66.029999,66.029999,3287500
2016/3/30,66.730003,67.160004,66.279999,66.410004,66.410004,2458300
2016/3/31,66.330002,67.099998,65.699997,66.110001,66.110001,2265000
2016/4/1,65.360001,66.120003,65.129997,65.919998,65.919998,2160500
2016/4/4,66,66.489998,65.379997,65.739998,65.739998,2029600
2016/4/5,65.099998,65.959999,65.050003,65.449997,65.449997,2281800
2016/4/6,65.669998,66.07,65.25,65.830002,65.830002,1652900
2016/4/7,65.699997,65.910004,63.669998,63.93,63.93,2921700
2016/4/8,64.120003,64.699997,63.279999,64.239998,64.239998,2352000
2016/4/11,64.389999,64.400002,63.119999,63.16,63.16,1862900
2016/4/12,63.139999,63.150002,61.900002,62.959999,62.959999,2960800
2016/4/13,63.040001,65.029999,62.91,64.769997,64.769997,3106700
2016/4/14,64.849998,65.239998,64.43,64.940002,64.940002,2100600
2016/4/15,65.139999,66.970001,64.459999,66.839996,66.839996,4647400
2016/4/18,66.279999,66.559998,65.459999,66.519997,66.519997,2847200
2016/4/19,66.589996,66.739998,65.330002,66.190002,66.190002,1903500
2016/4/20,66.599998,66.739998,65.699997,65.800003,65.800003,1804400
2016/4/21,65.830002,66.330002,65.230003,66.18,66.18,1741700
2016/4/22,65.900002,66.849998,65.32,65.870003,65.870003,2606400
2016/4/25,65.43,66,65.419998,65.93,65.93,1153300
2016/4/26,65.970001,66.290001,65.169998,65.330002,65.330002,1516800
2016/4/27,65.129997,65.419998,62.349998,63.349998,63.349998,5537400
2016/4/28,63.119999,64.019997,61.91,62.32,62.32,4233500
2016/4/29,61.810001,62.419998,61.23,61.849998,61.849998,3729200
2016/5/2,62,63.119999,61.700001,62.889999,62.889999,3360400
2016/5/3,62.610001,63.23,62.02,62.080002,62.080002,3230100
2016/5/4,61.740002,62.48,61.099998,61.880001,61.880001,3212800
2016/5/5,62.279999,62.759998,61.18,62.240002,62.240002,4874100
2016/5/6,62.189999,63.990002,61.990002,63.939999,63.939999,3362800
2016/5/9,64.18,65.040001,64.010002,64.519997,64.519997,3044600
2016/5/10,65,65.099998,63.73,64.540001,64.540001,7604400
2016/5/11,70.43,74.919998,70.239998,73.379997,73.379997,21901700
2016/5/12,73.629997,76.239998,73.389999,75.010002,75.010002,8201300
2016/5/13,74.730003,76.089996,74.660004,75.199997,75.199997,4189100
2016/5/16,75.07,77.150002,74.809998,76.620003,76.620003,4329200
2016/5/17,75.720001,76.599998,74.529999,75.139999,75.139999,5105100
2016/5/18,74.699997,74.870003,73.260002,74.489998,74.489998,4432500
2016/5/19,74.220001,74.220001,72.940002,73.5,73.5,3236700
2016/5/20,73.480003,74.010002,72.93,73.110001,73.110001,3772500
2016/5/23,73.389999,73.889999,72.410004,73.239998,73.239998,3248300
2016/5/24,73.68,75.660004,73.25,75.349998,75.349998,3781500
2016/5/25,75.389999,75.830002,74.839996,74.940002,74.940002,2002500
2016/5/26,74.629997,75.43,73.919998,75.110001,75.110001,1853200
2016/5/27,75.330002,76.459999,75.330002,75.699997,75.699997,2311200
2016/5/31,75.980003,76.82,75.699997,76.75,76.75,4700100
2016/6/1,76.809998,77.379997,76.199997,76.620003,76.620003,3260500
2016/6/2,76.720001,76.940002,76.099998,76.580002,76.580002,2062400
2016/6/3,76.699997,76.699997,75.43,76.360001,76.360001,1863900
2016/6/6,76.370003,76.959999,75.199997,76.489998,76.489998,2816800
2016/6/7,76.860001,78.089996,76.760002,77.25,77.25,4215200
2016/6/8,77.059998,77.190002,76.010002,76.279999,76.279999,2527100
2016/6/9,75.589996,76.790001,75.519997,76.25,76.25,3055400
2016/6/10,75.410004,76.239998,74.809998,75.279999,75.279999,3025100
2016/6/13,74.889999,75.43,73.800003,74.239998,74.239998,3680300
2016/6/14,74.139999,74.779999,73.349998,74.519997,74.519997,2017000
2016/6/15,74.559998,75.230003,74.040001,74.389999,74.389999,2409900
2016/6/16,73.989998,75.080002,73.57,75,75,2868800
2016/6/17,75.160004,75.160004,73.580002,74.519997,74.519997,4220600
2016/6/20,74.690002,76.339996,74.120003,75.309998,75.309998,2947600
2016/6/21,75.25,76.07,75.07,75.510002,75.510002,2072300
2016/6/22,75.209999,75.529999,74.690002,74.800003,74.800003,2039300
2016/6/23,75.620003,76.18,74.849998,76.050003,76.050003,2333500
2016/6/24,73.639999,74.769997,72.910004,73.209999,73.209999,4622500
2016/6/27,73.010002,73.059998,71.010002,71.5,71.5,3631900
2016/6/28,71.989998,72.650002,71.360001,72.599998,72.599998,2743800
2016/6/29,72.900002,74,72.809998,73.739998,73.739998,2120300
2016/6/30,73.870003,76.110001,73.230003,75.760002,75.760002,3371100
2016/7/1,75.75,76.57,75.449997,75.870003,75.870003,1892500
2016/7/5,75.779999,76.419998,75.279999,75.889999,75.889999,1688200
2016/7/6,75.419998,77.150002,75.010002,76.739998,76.739998,2274900
2016/7/7,76.559998,76.830002,76.019997,76.620003,76.620003,1516600
2016/7/8,77.32,78.5,77.010002,78.260002,78.260002,3263000
2016/7/11,78.279999,79.559998,78.279999,79.169998,79.169998,2983300
2016/7/12,79.279999,79.989998,78.599998,79.510002,79.510002,2722600
2016/7/13,79.93,79.93,77.610001,77.620003,77.620003,2426500
2016/7/14,77.889999,78.300003,76.970001,78.050003,78.050003,3203400
2016/7/15,78.440002,78.730003,77.599998,77.830002,77.830002,2702500
2016/7/18,78.129997,78.860001,77.720001,78.260002,78.260002,2185500
2016/7/19,77.989998,78.110001,76.220001,76.5,76.5,5143300
2016/7/20,77.220001,78.220001,76.440002,76.699997,76.699997,5482000
2016/7/21,76.440002,76.93,74.32,75.379997,75.379997,8602700
2016/7/22,75.879997,76.68,74.949997,76.330002,76.330002,5822000
2016/7/25,76.040001,76.910004,75.730003,76.900002,76.900002,3416500
2016/7/26,76.919998,77.349998,76.209999,76.839996,76.839996,2111900
2016/7/27,77.220001,77.370003,76.57,76.669998,76.669998,2319900
2016/7/28,76.610001,76.720001,76,76.279999,76.279999,1268200
2016/7/29,76.480003,76.529999,75.779999,76.32,76.32,2911100
2016/8/1,76.230003,76.82,76.110001,76.629997,76.629997,3756300
2016/8/2,76.580002,76.940002,75.75,76.779999,76.779999,5942400
2016/8/3,76.660004,78.980003,75.169998,78.629997,78.629997,10446400
2016/8/4,78.360001,78.720001,77.889999,78.230003,78.230003,4543900
2016/8/5,78.940002,79.989998,78.43,79.839996,79.839996,4294000
2016/8/8,79.849998,79.989998,79.169998,79.269997,79.269997,2917700
2016/8/9,79.010002,79.360001,78.629997,78.690002,78.690002,1980500
2016/8/10,78.540001,79.099998,78.260002,78.57,78.57,1431700
2016/8/11,78.849998,79.160004,77.839996,77.849998,77.849998,3212600
2016/8/12,78,78.400002,77.029999,77.43,77.43,2028200
2016/8/15,77.589996,79.559998,77.330002,79.480003,79.480003,3225600
2016/8/16,78.779999,78.889999,77.82,78.050003,78.050003,2969600
2016/8/17,78,79.860001,77.809998,79.769997,79.769997,3552800
2016/8/18,79.800003,81.800003,79.629997,80.980003,80.980003,4741900
2016/8/19,80.949997,81.889999,80.800003,81.760002,81.760002,3238700
2016/8/22,81.07,81.82,81.040001,81.489998,81.489998,3218900
2016/8/23,81.980003,82.620003,81.489998,82.309998,82.309998,4603800
2016/8/24,82.309998,82.629997,81.949997,82.419998,82.419998,3310900
2016/8/25,82.019997,82.199997,80.959999,81.550003,81.550003,3304400
2016/8/26,81.199997,81.510002,80.019997,81.209999,81.209999,3037800
2016/8/29,81.099998,81.959999,80.639999,81.510002,81.510002,1975900
2016/8/30,82.400002,82.400002,81.480003,81.730003,81.730003,1711500
2016/8/31,81.370003,81.68,81.029999,81.230003,81.230003,2077500
2016/9/1,81.519997,81.989998,81.029999,81.760002,81.760002,1813900
2016/9/2,82.300003,84.18,82.160004,83.459999,83.459999,3524700
2016/9/6,83.300003,84.449997,83.300003,83.870003,83.870003,2648500
2016/9/7,83.760002,84.269997,82.540001,82.75,82.75,3050100
2016/9/8,82.639999,82.639999,81.580002,82.160004,82.160004,3188500
2016/9/9,81.419998,81.790001,79.839996,79.860001,79.860001,2212500
2016/9/12,79.730003,80.919998,79.510002,80.839996,80.839996,3371100
2016/9/13,80.610001,81.120003,79.940002,80.870003,80.870003,2710500
2016/9/14,81.139999,81.769997,80.5,80.830002,80.830002,1410400
2016/9/15,80.559998,83.669998,80.559998,83.370003,83.370003,3167500
2016/9/16,83.260002,83.360001,82.160004,82.889999,82.889999,3731900
2016/9/19,83.139999,83.410004,82.459999,82.769997,82.769997,1872800
2016/9/20,82.889999,83.389999,82.620003,82.989998,82.989998,2173000
2016/9/21,83.480003,83.629997,82.260002,83.470001,83.470001,2663300
2016/9/22,84.099998,84.199997,82.760002,83.169998,83.169998,2194300
2016/9/23,84.5,84.5,83.519997,84.260002,84.260002,2644400
2016/9/26,83.669998,84.25,83.220001,83.5,83.5,1836700
2016/9/27,83.400002,85.529999,83.190002,85.199997,85.199997,2453200
2016/9/28,85.349998,85.599998,84.580002,85,85,1794400
2016/9/29,84.93,85.129997,84.120003,84.260002,84.260002,1324900
2016/9/30,84.349998,85.830002,83.769997,85.400002,85.400002,2860300
2016/10/3,85.220001,86.050003,85.129997,85.410004,85.410004,2047900
2016/10/4,85.93,86.07,85.120003,85.559998,85.559998,1724800
2016/10/5,85.559998,85.75,84.970001,85.470001,85.470001,1961700
2016/10/6,85.550003,85.639999,83.860001,84.580002,84.580002,3189300
2016/10/7,85.059998,85.190002,83.440002,83.809998,83.809998,3076700
2016/10/10,84.07,84.919998,83.849998,84.739998,84.739998,2278100
2016/10/11,84.699997,84.800003,83.150002,83.370003,83.370003,2308800
2016/10/12,85.029999,85.029999,82.160004,82.529999,82.529999,2395200
2016/10/13,82.089996,82.519997,80.779999,81.760002,81.760002,3034000
2016/10/14,82.349998,83.980003,82.349998,82.589996,82.589996,2658300
2016/10/17,82.769997,83.220001,82.160004,82.32,82.32,1981900
2016/10/18,83.18,84.400002,83.110001,84.010002,84.010002,2185200
2016/10/19,84.220001,84.360001,82.620003,82.760002,82.760002,2269200
2016/10/20,82.699997,82.82,81.599998,82.519997,82.519997,2468400
2016/10/21,82.150002,82.989998,82,82.870003,82.870003,2708200
2016/10/24,81.910004,84.370003,81.779999,84.150002,84.150002,3046700
2016/10/25,84.190002,84.790001,82.889999,82.940002,82.940002,2822900
2016/10/26,82.949997,84.110001,82.5,82.580002,82.580002,2026000
2016/10/27,83.279999,84.43,82.580002,82.720001,82.720001,3159900
2016/10/28,80.779999,81.419998,78.550003,79.449997,79.449997,6933800
2016/10/31,79.639999,80.139999,77.43,78.519997,78.519997,5380700
2016/11/1,78.639999,78.760002,77.18,77.839996,77.839996,7226300
2016/11/2,78.830002,81.93,77.860001,79.120003,79.120003,9449900
2016/11/3,79.120003,82.290001,79.120003,80.519997,80.519997,7210600
2016/11/4,79.949997,81.720001,79.029999,80.220001,80.220001,4694600
2016/11/7,81.089996,82.029999,80.330002,81.080002,81.080002,3750900
2016/11/8,81.059998,82.449997,80.68,81.489998,81.489998,2198200
2016/11/9,78.730003,80.989998,78.449997,79.440002,79.440002,4446900
2016/11/10,79.970001,80.059998,76.190002,76.790001,76.790001,5526900
2016/11/11,75.800003,77.940002,75.529999,77.449997,77.449997,4039300
2016/11/14,77.470001,78.080002,76.139999,76.379997,76.379997,5043100
2016/11/15,77,78.419998,77,77.620003,77.620003,2639300
2016/11/16,77.599998,78.940002,77.029999,78.830002,78.830002,2454200
2016/11/17,78.760002,80.169998,78.540001,79.620003,79.620003,2642700
2016/11/18,79.800003,80.610001,78.760002,78.989998,78.989998,3180500
2016/11/21,79.07,79.18,77.559998,78.260002,78.260002,3061800
2016/11/22,78.519997,78.559998,76.93,77.75,77.75,2737200
2016/11/23,77.900002,79.699997,77.769997,79.349998,79.349998,2853600
2016/11/25,79.18,79.919998,78.540001,79.169998,79.169998,780400
2016/11/28,79.419998,79.559998,78.529999,78.730003,78.730003,2350300
2016/11/29,78.949997,81.690002,78.93,81.370003,81.370003,3376600
2016/11/30,81.290001,81.370003,79.150002,79.239998,79.239998,3417700
2016/12/1,79.209999,79.279999,75.169998,75.580002,75.580002,4920000
2016/12/2,75.650002,76.470001,73.739998,75.860001,75.860001,4093800
2016/12/5,76.169998,77.830002,75.5,77.449997,77.449997,2501500
2016/12/6,77.629997,78.029999,76.5,76.870003,76.870003,2303700
2016/12/7,76.849998,78.110001,76.419998,77.949997,77.949997,3289700
2016/12/8,78.029999,78.599998,77.400002,77.779999,77.779999,3445700
2016/12/9,77.809998,79.07,77.809998,78.75,78.75,2073900
2016/12/12,78.879997,80.629997,78.510002,80.620003,80.620003,3926900
2016/12/13,80.459999,82.599998,80.459999,80.760002,80.760002,3462800
2016/12/14,80.610001,81.68,79.980003,80.699997,80.699997,2573600
2016/12/15,81.32,82.620003,80.739998,81.510002,81.510002,3957900
2016/12/16,81.440002,81.5,79.169998,79.510002,79.510002,4088200
2016/12/19,79.309998,80.529999,79.150002,79.5,79.5,2197500
2016/12/20,79.599998,80.260002,79.260002,79.5,79.5,2218100
2016/12/21,79.489998,80.18,79.129997,79.660004,79.660004,2181700
2016/12/22,79.739998,80.150002,79.18,79.790001,79.790001,1206800
2016/12/23,79.849998,81.120003,79.57,80.669998,80.669998,2017100
2016/12/27,80.989998,81.760002,80.75,81.080002,81.080002,1246800
2016/12/28,81.07,81.260002,79.970001,80.379997,80.379997,1314200
2016/12/29,80.529999,81.010002,79.699997,80.160004,80.160004,1470100
2016/12/30,80.559998,80.559998,78.519997,78.760002,78.760002,1815900
2017/1/3,79.519997,79.620003,78.269997,79.169998,79.169998,2187300
2017/1/4,79.389999,81.110001,79.120003,80.629997,80.629997,1852300
2017/1/5,79.980003,80.459999,78.730003,78.959999,78.959999,3295000
2017/1/6,79.110001,79.519997,78.370003,79.010002,79.010002,2017700
2017/1/9,79.190002,79.43,78.050003,78.639999,78.639999,2332300
2017/1/10,78.489998,79.230003,77.940002,78.849998,78.849998,2328900
2017/1/11,78.800003,79.419998,78.169998,79.019997,79.019997,2618900
2017/1/12,78.849998,79.760002,78.25,79.599998,79.599998,2035700
2017/1/13,79.139999,81.260002,79.129997,80.349998,80.349998,2818000
2017/1/17,80,80.589996,79.470001,80.230003,80.230003,2073300
2017/1/18,80.510002,80.82,79.82,80.529999,80.529999,1926600
2017/1/19,80.400002,81.339996,80.050003,80.379997,80.379997,1746100
2017/1/20,80.489998,80.519997,78.889999,80.120003,80.120003,2642900
2017/1/23,80.050003,80.169998,79.260002,79.879997,79.879997,2672200
2017/1/24,79.879997,80.800003,79.410004,80.510002,80.510002,2004300
2017/1/25,80.849998,81.589996,80.519997,81.480003,81.480003,2727000
2017/1/26,81.559998,81.870003,81.099998,81.699997,81.699997,1854400
2017/1/27,82,83.25,81.860001,83.160004,83.160004,2607200
2017/1/30,82.959999,84.029999,82.75,83.839996,83.839996,4067300
2017/1/31,83.82,84.089996,82.889999,83.43,83.43,6583400
2017/2/1,83.43,84.25,81.449997,83,83,7607300
2017/2/2,82.68,82.980003,81.379997,82.510002,82.510002,4079700
2017/2/3,82.510002,82.669998,80.970001,81.279999,81.279999,4300800
2017/2/6,80.830002,81.779999,80.400002,81.519997,81.519997,2351100
2017/2/7,81.809998,82.400002,81.550003,82.209999,82.209999,2944000
2017/2/8,81.940002,82.910004,81.269997,81.480003,81.480003,2738900
2017/2/9,82.209999,83.400002,81.489998,83.260002,83.260002,3193000
2017/2/10,84.739998,86.660004,84.129997,86.169998,86.169998,6561700
2017/2/13,86.309998,87.489998,85.699997,86.32,86.32,4435000
2017/2/14,85.800003,86.449997,85.220001,86.059998,86.059998,3046800
2017/2/15,85.919998,88.040001,85.699997,87.949997,87.949997,3293500
2017/2/16,87.690002,88.279999,87.199997,87.849998,87.849998,2739100
2017/2/17,87.760002,87.860001,86.949997,87.300003,87.300003,1773700
2017/2/21,87.349998,88.019997,87.099998,87.540001,87.540001,1871800
2017/2/22,87.379997,87.620003,86.959999,87.379997,87.379997,1751400
2017/2/23,87.559998,87.559998,85.760002,86.650002,86.650002,3113300
2017/2/24,85.959999,86.550003,85.230003,86.540001,86.540001,3026700
2017/2/27,86.550003,87.25,86.099998,87,87,1519300
2017/2/28,87.050003,87.489998,86.330002,86.5,86.5,2421100
2017/3/1,86.93,88.139999,86.089996,87.82,87.82,2090700
2017/3/2,87.900002,88.25,86.459999,87.010002,87.010002,1709200
2017/3/3,86.949997,87.290001,86.190002,87.239998,87.239998,1190600
2017/3/6,87.190002,87.519997,86.739998,87.139999,87.139999,1882300
2017/3/7,87.300003,88.849998,87.099998,88.300003,88.300003,3016900
2017/3/8,88.519997,89.360001,88.199997,89,89,2577900
2017/3/9,89.32,89.790001,88.730003,89.029999,89.029999,3127100
2017/3/10,89.589996,89.879997,88.919998,89.809998,89.809998,2005300
2017/3/13,89.830002,90.809998,89.349998,90.730003,90.730003,2753300
2017/3/14,90.519997,91.18,90.330002,90.900002,90.900002,1967000
2017/3/15,90.989998,91.550003,90.129997,91.510002,91.510002,3197300
2017/3/16,91.599998,91.82,89.519997,90.199997,90.199997,5153100
2017/3/17,90.919998,90.980003,88.550003,89.589996,89.589996,6446600
2017/3/20,88.82,89.349998,87.900002,89.160004,89.160004,4278100
2017/3/21,89.220001,90.089996,88.230003,88.410004,88.410004,3278600
2017/3/22,88.43,88.860001,88.25,88.739998,88.739998,2326200
2017/3/23,88.589996,89.349998,88.239998,88.610001,88.610001,1910000
2017/3/24,88.849998,90.059998,88.610001,89.349998,89.349998,1878100
2017/3/27,88.589996,89.239998,88.059998,89.019997,89.019997,2109200
2017/3/28,89,90.019997,88.550003,89.739998,89.739998,2083900
2017/3/29,89.519997,89.970001,88.949997,89.779999,89.779999,1771200
2017/3/30,89.5,90.300003,89.230003,90.260002,90.260002,2073700
2017/3/31,90.099998,90.169998,88.849998,89.519997,89.519997,1737700
2017/4/3,89.900002,89.900002,88.790001,89.110001,89.110001,1522300
2017/4/4,88.580002,89.32,88.510002,89.279999,89.279999,1870400
2017/4/5,89.470001,89.610001,88.089996,88.400002,88.400002,2673500
2017/4/6,88.470001,88.769997,87.940002,88.559998,88.559998,1319600
2017/4/7,88.400002,88.830002,88.07,88.730003,88.730003,1740800
2017/4/10,88.550003,89.089996,88.330002,88.739998,88.739998,1424000
2017/4/11,88.779999,89.690002,88.370003,89.68,89.68,1763900
2017/4/12,89.949997,90.029999,89.150002,89.949997,89.949997,1909100
2017/4/13,90.089996,90.199997,88.849998,89.019997,89.019997,2966200
2017/4/17,89.269997,90.139999,88.82,89.209999,89.209999,2160100
2017/4/18,89.120003,89.440002,88.720001,89.199997,89.199997,1393100
2017/4/19,89.540001,90.230003,89.139999,89.650002,89.650002,2021400
2017/4/20,90.099998,91.480003,89.790001,91.209999,91.209999,2024300
2017/4/21,91.269997,91.959999,91.099998,91.940002,91.940002,1831800
2017/4/24,92.860001,93.07,92.510002,92.809998,92.809998,2020900
2017/4/25,93.389999,93.400002,92.690002,92.989998,92.989998,2041400
2017/4/26,93.209999,93.730003,92.309998,93.5,93.5,1543000
2017/4/27,94,94.989998,93.709999,94.239998,94.239998,1515700
2017/4/28,94.449997,94.910004,93.82,94.82,94.82,1937800
2017/5/1,95.209999,95.419998,94.709999,94.790001,94.790001,2314800
2017/5/2,94.690002,95.32,94.120003,94.25,94.25,2332500
2017/5/3,95.449997,95.449997,93.620003,94.110001,94.110001,2872300
2017/5/4,94.110001,95.080002,93.919998,94.760002,94.760002,4548700
2017/5/5,95.389999,95.870003,94.589996,95.739998,95.739998,5175900
2017/5/8,95.919998,96.489998,95.449997,95.730003,95.730003,5318600
2017/5/9,95.860001,96.339996,95.25,96.010002,96.010002,6184900
2017/5/10,105.970001,110.610001,104.760002,108.160004,108.160004,11166200
2017/5/11,107.550003,109.32,106.830002,108.580002,108.580002,5750600
2017/5/12,108.190002,109.25,107.459999,109.089996,109.089996,3169400
2017/5/15,108.989998,111.260002,108.849998,110.900002,110.900002,3279800
2017/5/16,111.230003,112.160004,110.440002,111.760002,111.760002,2963400
2017/5/17,108.709999,109.379997,105,105.239998,105.239998,7457200
2017/5/18,104.709999,107.650002,104.339996,106.93,106.93,3174500
2017/5/19,107.410004,107.949997,106.330002,107.639999,107.639999,2282400
2017/5/22,107.870003,108.400002,107.419998,108.389999,108.389999,1493200
2017/5/23,110.089996,111.849998,108.18,109.010002,109.010002,3032700
2017/5/24,108.779999,112.540001,108.389999,112.309998,112.309998,4492500
2017/5/25,112.510002,114.160004,112.510002,113.830002,113.830002,3419800
2017/5/26,113.5,113.589996,111.790001,112.129997,112.129997,2212500
2017/5/30,112.620003,112.919998,111.639999,112.849998,112.849998,2360100
2017/5/31,112.860001,113.480003,111.93,113.330002,113.330002,3430000
2017/6/1,113.959999,114.940002,113.18,113.870003,113.870003,2232700
2017/6/2,113.849998,114.540001,113.199997,114.519997,114.519997,1872600
2017/6/5,114.68,115.129997,114.190002,114.690002,114.690002,1879800
2017/6/6,114.540001,115.389999,113.589996,113.690002,113.690002,2508400
2017/6/7,114.839996,115.540001,114.230003,115.370003,115.370003,2480100
2017/6/8,116.040001,116.040001,113.239998,114.290001,114.290001,3293900
2017/6/9,114.839996,115.360001,107.029999,110.459999,110.459999,5738200
2017/6/12,109.300003,111.18,105.540001,108.900002,108.900002,5836900
2017/6/13,110.330002,110.959999,108.080002,109.980003,109.980003,2740000
2017/6/14,110.160004,111.110001,108.68,110.019997,110.019997,2171800
2017/6/15,108.239998,111.029999,107.32,110.529999,110.529999,3705600
2017/6/16,110.720001,112.510002,110.07,110.510002,110.510002,9608200
2017/6/19,111.18,113.860001,111.18,113.650002,113.650002,2891300
2017/6/20,113.43,115.120003,113.290001,113.470001,113.470001,2710500
2017/6/21,114.330002,114.690002,111.830002,113.169998,113.169998,3054000
2017/6/22,113.510002,113.519997,111.360001,112.620003,112.620003,2380400
2017/6/23,112.510002,112.949997,110.769997,110.870003,110.870003,7457900
2017/6/26,111,112.639999,110.379997,111.860001,111.860001,2446300
2017/6/27,111.349998,111.93,108.129997,108.32,108.32,3058000
2017/6/28,108.699997,109.199997,106.739998,108.809998,108.809998,3668200
2017/6/29,108.160004,108.720001,105.470001,106.68,106.68,3820400
2017/6/30,107.099998,107.559998,105.650002,105.720001,105.720001,3216500
2017/7/3,106.510002,107,105.209999,105.419998,105.419998,1656400
2017/7/5,105.949997,107.309998,105.349998,106.760002,106.760002,2824900
2017/7/6,106.059998,107.120003,105.5,105.75,105.75,2471600
2017/7/7,106.279999,108.470001,105.540001,107.449997,107.449997,2152500
2017/7/10,107.839996,108.690002,107.010002,107.839996,107.839996,2188400
2017/7/11,107.629997,109.709999,107.099998,108.419998,108.419998,2289900
2017/7/12,109.5,110.900002,109.050003,110.68,110.68,1943500
2017/7/13,110.830002,111.610001,108.919998,108.980003,108.980003,1710800
2017/7/14,109.610001,110.339996,108.75,108.989998,108.989998,1321300
2017/7/17,109.019997,110.43,108.720001,109.440002,109.440002,1686400
2017/7/18,110,110.93,109.480003,110.279999,110.279999,1908700
2017/7/19,110.43,111.650002,109.809998,111.580002,111.580002,2498400
2017/7/20,111.610001,112.18,110.379997,111.970001,111.970001,2143800
2017/7/21,111.5,112.910004,111.269997,112.220001,112.220001,2434900
2017/7/24,112.220001,113.970001,112.220001,113.75,113.75,2784600
2017/7/25,113.970001,114.519997,113.309998,113.660004,113.660004,2735500
2017/7/26,115.459999,118.110001,115.190002,118,118,4520400
2017/7/27,119.010002,120.25,116.059998,117.599998,117.599998,8953500
2017/7/28,114,118.75,113.5,118.25,118.25,5012300
2017/7/31,119.050003,119.25,116.5,116.739998,116.739998,2951400
2017/8/1,117.57,117.650002,116.440002,116.919998,116.919998,2488200
2017/8/2,117.110001,117.419998,113.830002,116.830002,116.830002,3111600
2017/8/3,117.379997,119.230003,116.980003,118.849998,118.849998,2929100
2017/8/4,119.150002,119.18,116.900002,117.220001,117.220001,2341200
2017/8/7,117.599998,117.959999,116.489998,116.959999,116.959999,1882900
2017/8/8,116.5,117.129997,116.019997,116.5,116.5,1329900
2017/8/9,115.550003,116.839996,114.75,116.110001,116.110001,1709400
2017/8/10,115.410004,115.720001,113.690002,113.989998,113.989998,2950200
2017/8/11,113.739998,115.980003,113.510002,115.449997,115.449997,1584900
2017/8/14,116.709999,118,116.400002,117.110001,117.110001,2890000
2017/8/15,117.230003,117.620003,116.580002,117.43,117.43,1048100
2017/8/16,117.489998,119.589996,117.029999,119.25,119.25,2098200
2017/8/17,119.190002,119.470001,116.459999,116.470001,116.470001,1793900
2017/8/18,116,117.839996,115.459999,116.879997,116.879997,1911700
2017/8/21,116.849998,117.400002,116.120003,116.839996,116.839996,1848500
2017/8/22,117.279999,120.449997,117.220001,119.029999,119.029999,2512900
2017/8/23,118.650002,119.370003,117.550003,118.18,118.18,1297800
2017/8/24,118.489998,118.919998,116,117.82,117.82,1342800
2017/8/25,118.190002,118.709999,115.709999,116.93,116.93,2206100
2017/8/28,117.519997,119.040001,116.949997,118.730003,118.730003,1775200
2017/8/29,117.470001,119.43,117.220001,119.230003,119.230003,1301300
2017/8/30,119.419998,122.080002,119.07,121.970001,121.970001,2193400
2017/8/31,122,122.790001,120.940002,121.5,121.5,2617600
2017/9/1,121.269997,121.769997,118.510002,119.309998,119.309998,2751500
2017/9/5,118.800003,119.300003,116.32,118.209999,118.209999,2336300
2017/9/6,118.769997,119.150002,116.470001,117,117,1770600
2017/9/7,117.199997,119.099998,116.589996,118.93,118.93,1810900
2017/9/8,119.989998,120.160004,117.709999,118.279999,118.279999,2424200
2017/9/11,119.879997,121.349998,119.279999,121.190002,121.190002,2282100
2017/9/12,121.610001,122.129997,118.68,120.410004,120.410004,2659200
2017/9/13,119.860001,120.449997,119,119.599998,119.599998,2515300
2017/9/14,118.739998,119.660004,117.709999,119.190002,119.190002,2543100
2017/9/15,119.290001,119.919998,117.75,119.419998,119.419998,3192000
2017/9/18,119.5,120.870003,119.5,119.959999,119.959999,2573700
2017/9/19,120.25,121.199997,119.370003,120.209999,120.209999,2237900
2017/9/20,120.769997,121.400002,118.739998,120.339996,120.339996,2393300
2017/9/21,120.489998,120.489998,117.82,118.019997,118.019997,1914400
2017/9/22,117.459999,120.18,117.150002,118.5,118.5,2077300
2017/9/25,118.050003,118.290001,112.849998,114.199997,114.199997,4113100
2017/9/26,114.5,114.669998,112.830002,113.919998,113.919998,2994400
2017/9/27,115.400002,116.650002,115.400002,115.970001,115.970001,1793200
2017/9/28,115.82,116.790001,115.239998,116.610001,116.610001,1395600
2017/9/29,116.709999,118.169998,116.300003,118.059998,118.059998,1743500
2017/10/2,118.889999,119.720001,116.940002,117.949997,117.949997,1850700
2017/10/3,117.919998,118.099998,116.760002,117.959999,117.959999,1249700
2017/10/4,117.519997,118.75,116.410004,118.559998,118.559998,1642400
2017/10/5,118.629997,119.75,117.93,119.519997,119.519997,1438900
2017/10/6,119.029999,120.290001,118.440002,120.089996,120.089996,1912800
2017/10/9,119.239998,119.300003,117.669998,118.620003,118.620003,1516000
2017/10/10,119.029999,119.489998,116.709999,117.82,117.82,1558200
2017/10/11,117.330002,118,115.519997,116.050003,116.050003,3152800
2017/10/12,115.970001,117.779999,115.769997,117.139999,117.139999,2046200
2017/10/13,117.760002,118.919998,117.550003,118.620003,118.620003,1931200
2017/10/16,118.809998,119,117.050003,117.480003,117.480003,2601800
2017/10/17,117.199997,118.150002,115.629997,115.980003,115.980003,3130300
2017/10/18,113.410004,113.75,110.309998,113.160004,113.160004,9784700
2017/10/19,112,113.080002,111.120003,113.07,113.07,3183200
2017/10/20,113.599998,114.279999,113.150002,113.620003,113.620003,1988800
2017/10/23,113.809998,114.43,112.730003,113.660004,113.660004,2204700
2017/10/24,113.68,114.720001,112.760002,113.389999,113.389999,2006100
2017/10/25,113.199997,114.879997,112.589996,114.559998,114.559998,3205300
2017/10/26,115.07,117.059998,115.019997,115.830002,115.830002,2453200
2017/10/27,116.830002,117.550003,115.410004,116.889999,116.889999,2892000
2017/10/30,117.129997,117.769997,116.639999,117.580002,117.580002,2614100
2017/10/31,118.129997,119.839996,116.370003,119.599998,119.599998,5477400
2017/11/1,116,116.599998,111.279999,114.470001,114.470001,9669200
2017/11/2,114.349998,114.519997,112.599998,112.690002,112.690002,3438300
2017/11/3,113.470001,113.760002,112.57,113.199997,113.199997,2925300
2017/11/6,112.989998,113.5,110.760002,112.459999,112.459999,3642500
2017/11/7,112.290001,112.720001,110.080002,111.699997,111.699997,2830300
2017/11/8,112.449997,115.599998,112.099998,114.150002,114.150002,3393900
2017/11/9,112.989998,113.300003,110.940002,111.889999,111.889999,3445700
2017/11/10,111.260002,112.830002,110.82,112.75,112.75,2534000
2017/11/13,112,113.239998,111.190002,112.010002,112.010002,3168100
2017/11/14,110.599998,113.900002,110.389999,112.269997,112.269997,3618000
2017/11/15,112.720001,112.870003,110.519997,111.480003,111.480003,2585900
2017/11/16,111.849998,113.129997,111.209999,111.599998,111.599998,2445800
2017/11/17,108.989998,109.550003,107.5,108.82,108.82,8556400
2017/11/20,108.279999,108.449997,106.75,107.639999,107.639999,5974700
2017/11/21,107.779999,108.769997,107.540001,107.709999,107.709999,3298400
2017/11/22,108.040001,108.440002,106.610001,107.32,107.32,2558200
2017/11/24,107.660004,108.580002,107.589996,107.940002,107.940002,1306300
2017/11/27,107.860001,108.290001,106.790001,106.989998,106.989998,2540100
2017/11/28,106.989998,110.519997,106.739998,109.470001,109.470001,5499400
2017/11/29,109.209999,109.389999,104.949997,105.489998,105.489998,5590700
2017/11/30,106.110001,106.5,105.059998,106.349998,106.349998,5395200
2017/12/1,105.860001,106.870003,103.949997,106.019997,106.019997,3859400
2017/12/4,105.529999,105.879997,100.68,100.830002,100.830002,6573200
2017/12/5,100.550003,105.190002,99.629997,103.379997,103.379997,4582300
2017/12/6,102.959999,103.919998,100.410004,103.18,103.18,4668400
2017/12/7,103.230003,105.599998,102.75,104.370003,104.370003,3590500
2017/12/8,104.489998,106.400002,104.489998,105.269997,105.269997,3535400
2017/12/11,105.610001,108.160004,105,107.919998,107.919998,3998200
2017/12/12,108,108.919998,107.019997,107.660004,107.660004,3880700
2017/12/13,107.709999,108.309998,105.220001,105.540001,105.540001,3790100
2017/12/14,105.199997,107.620003,104.699997,106.419998,106.419998,2751200
2017/12/15,107.769997,109.68,106.629997,109.279999,109.279999,6107300
2017/12/18,109.889999,110,106.559998,107.339996,107.339996,4375300
2017/12/19,107.419998,107.760002,106.690002,107,107,2077200
2017/12/20,107.5,108.870003,107.150002,108.449997,108.449997,2650400
2017/12/21,107.879997,108.739998,107.779999,107.970001,107.970001,2804400
2017/12/22,108.309998,108.309998,105.68,106.019997,106.019997,2424600
2017/12/26,105.660004,106.019997,104.650002,105.059998,105.059998,1689900
2017/12/27,105.400002,106.440002,104.580002,105.230003,105.230003,2527500
2017/12/28,105.290001,105.550003,104.550003,105.309998,105.309998,1438900
2017/12/29,105.290001,105.68,104.389999,105.059998,105.059998,2113600
2018/1/2,106.150002,110,105.349998,109.449997,109.449997,4599100
2018/1/3,109.75,111.330002,109.370003,109.75,109.75,3210600
2018/1/4,109.870003,110.550003,106.669998,107.190002,107.190002,3777900
2018/1/5,108.019997,112.760002,107.589996,112.389999,112.389999,5963000
2018/1/8,113.5,114.169998,111.199997,113.220001,113.220001,4579100
2018/1/9,113.330002,113.650002,110.459999,112.18,112.18,4111700
2018/1/10,111.5,113.300003,111.290001,112.25,112.25,2493600
2018/1/11,112.559998,113,111.699997,112,112,2788800
2018/1/12,110.489998,113.900002,110.489998,113.129997,113.129997,3467400
2018/1/16,114,114.699997,111.610001,111.919998,111.919998,3570800
2018/1/17,113,113.43,111.519997,113.139999,113.139999,2709000
2018/1/18,114.050003,115.629997,113.199997,115.279999,115.279999,4353800
2018/1/19,115.349998,116.410004,114.720001,116.18,116.18,3534200
2018/1/22,116.32,118.300003,115.82,117.989998,117.989998,4235800
2018/1/23,117.879997,118.669998,116.940002,117.669998,117.669998,3449700
2018/1/24,118.410004,118.410004,114.260002,114.660004,114.660004,6553600
2018/1/25,115.699997,115.970001,113.669998,114.5,114.5,3457700
2018/1/26,115.330002,116.239998,113.540001,115.199997,115.199997,3417600
2018/1/29,115.209999,119.410004,115.209999,117.650002,117.650002,6486500
2018/1/30,116.400002,119.32,116.400002,118.699997,118.699997,8493600
2018/1/31,129.550003,131.009995,126.470001,126.959999,126.959999,14727300
2018/2/1,126.75,130.059998,126.010002,128.179993,128.179993,6297200
2018/2/2,127.68,128.169998,124.459999,124.529999,124.529999,6471200
2018/2/5,123.730003,126.209999,120.68,121.639999,121.639999,4533400
2018/2/6,118.860001,123.349998,117.760002,123.129997,123.129997,4652300
2018/2/7,122.860001,125,122.18,123.050003,123.050003,4066900
2018/2/8,123,123,116.519997,116.540001,116.540001,5478900
2018/2/9,117.959999,122.139999,114.669998,120.639999,120.639999,5945100
2018/2/12,121.779999,124.160004,121.529999,122.220001,122.220001,3695100
2018/2/13,120.849998,123.129997,120.580002,122.279999,122.279999,2388700
2018/2/14,121.230003,124.870003,121.230003,123.769997,123.769997,4293400
2018/2/15,124.830002,127.029999,123.440002,126.480003,126.480003,3207100
2018/2/16,126.43,126.790001,125.139999,126.019997,126.019997,3214500
2018/2/20,125.370003,127.550003,125.349998,126.339996,126.339996,2540600
2018/2/21,126.610001,128.100006,124.809998,124.900002,124.900002,3191000
2018/2/22,125.790001,126.349998,123.919998,124.610001,124.610001,1919700
2018/2/23,125.099998,127.279999,123.739998,127.099998,127.099998,2476900
2018/2/26,127.389999,128.800003,126.910004,128.570007,128.570007,2877800
2018/2/27,128.059998,128.600006,125.550003,125.800003,125.800003,3158800
2018/2/28,126.510002,127.75,123.669998,123.699997,123.699997,3496000
2018/3/1,124.540001,124.940002,121.330002,122.169998,122.169998,3919200
2018/3/2,120.940002,125.309998,120.580002,125.089996,125.089996,2935800
2018/3/5,124.160004,126.629997,123.690002,126.099998,126.099998,1642500
2018/3/6,126.480003,126.589996,123.459999,124.550003,124.550003,2269300
2018/3/7,123.629997,127.510002,123.25,127.169998,127.169998,2679300
2018/3/8,127.379997,129.869995,126.800003,128.820007,128.820007,3693600
2018/3/9,129.970001,130.860001,128.190002,128.490005,128.490005,2647500
2018/3/12,128.559998,129.25,127.559998,128.119995,128.119995,2341100
2018/3/13,129.050003,129.300003,125.879997,126.57,126.57,2948600
2018/3/14,126.889999,128.080002,123.639999,127.970001,127.970001,3579500
2018/3/15,128.190002,129.850006,126.540001,129.119995,129.119995,2690700
2018/3/16,130.350006,131.130005,128.130005,128.520004,128.520004,4187200
2018/3/19,127.529999,128.080002,124.169998,125.440002,125.440002,3207700
2018/3/20,125.769997,127.779999,125.029999,126.849998,126.849998,1960100
2018/3/21,126.519997,127.739998,125.620003,126,126,2050100
2018/3/22,124.830002,125.629997,122.669998,122.980003,122.980003,2727000
2018/3/23,123.199997,125.279999,121.379997,121.440002,121.440002,2645800
2018/3/26,124.239998,127.5,122.989998,126.440002,126.440002,2654800
2018/3/27,126.370003,126.989998,118.919998,119.980003,119.980003,3142400
2018/3/28,120.260002,121.379997,118.260002,119.330002,119.330002,3304300
2018/3/29,120.370003,123,118.800003,121.239998,121.239998,2809700
2018/4/2,120.480003,121.330002,116.989998,118.720001,118.720001,2610600
2018/4/3,119.870003,120.849998,117.620003,119.510002,119.510002,2378100
2018/4/4,116.709999,120.57,116.279999,120.110001,120.110001,3623800
2018/4/5,121.519997,122.779999,120.550003,121.230003,121.230003,2915200
2018/4/6,120.059998,121.199997,117.660004,118.360001,118.360001,2472900
2018/4/9,119.190002,121.07,118.529999,118.860001,118.860001,2572100
2018/4/10,120.370003,121.25,118.300003,120.709999,120.709999,2975600
2018/4/11,119.720001,120.5,118.32,118.779999,118.779999,2455200
2018/4/12,119.959999,121.589996,119,121.089996,121.089996,2498700
2018/4/13,122.010002,122.010002,119.650002,120.529999,120.529999,2165100
2018/4/16,121.419998,122.800003,121.279999,122.190002,122.190002,1849400
2018/4/17,123.019997,124.870003,122.870003,124.309998,124.309998,2304700
2018/4/18,124.669998,125.410004,124.050003,124.93,124.93,1432900
2018/4/19,124.089996,125.830002,122.339996,123.110001,123.110001,3081700
2018/4/20,122.540001,122.540001,119.919998,120.889999,120.889999,2753100
2018/4/23,122.389999,122.389999,119.25,119.599998,119.599998,1822400
2018/4/24,119.949997,121.419998,116.75,118.589996,118.589996,3010300
2018/4/25,118.309998,118.889999,115.809998,116.68,116.68,3027800
2018/4/26,116.519997,120.160004,116.519997,119.599998,119.599998,3162100
2018/4/27,119,119.550003,115.809998,117.470001,117.470001,2536000
2018/4/30,117.639999,118.769997,116.269997,117.980003,117.980003,2227800
2018/5/1,118.059998,120.150002,117.18,119.830002,119.830002,2345900
2018/5/2,119.790001,120.510002,118.339996,118.940002,118.940002,2399900
2018/5/3,118.18,124.309998,114.879997,120.169998,120.169998,11445500
2018/5/4,119.120003,124.199997,118.410004,123.639999,123.639999,3909200
2018/5/7,124.699997,125.779999,123.360001,123.919998,123.919998,3177800
2018/5/8,123.290001,124.330002,122.160004,123.889999,123.889999,4446800
2018/5/9,127.989998,132.440002,126.07,131.009995,131.009995,7595100
2018/5/10,130.940002,133.919998,129.740005,133.759995,133.759995,4610300
2018/5/11,133.300003,134.580002,132.119995,132.809998,132.809998,4364200
2018/5/14,133.070007,133.970001,130.949997,132.529999,132.529999,2280200
2018/5/15,131.789993,132.300003,129.610001,130.110001,130.110001,2107300
2018/5/16,130.360001,131.190002,128.020004,130.860001,130.860001,1842300
2018/5/17,129.910004,132,129.619995,130.809998,130.809998,2773900
2018/5/18,130.740005,132.199997,129.889999,132,132,2989200
2018/5/21,132.710007,134.610001,131.039993,132.910004,132.910004,2088400
2018/5/22,133.149994,133.860001,131.779999,132.179993,132.179993,1709900
2018/5/23,131.279999,133.539993,130.820007,133.5,133.5,2002000
2018/5/24,133.490005,133.490005,129.570007,131.479996,131.479996,3319300
2018/5/25,131.770004,132.600006,131.149994,131.850006,131.850006,1459300
2018/5/29,130.710007,131.509995,129.839996,131.25,131.25,1750100
2018/5/30,132.149994,132.149994,131.029999,131.369995,131.369995,1395000
2018/5/31,131.839996,132.960007,130.350006,130.910004,130.910004,2516500
2018/6/1,132.080002,135.800003,131.669998,135.690002,135.690002,2909600
2018/6/4,135.699997,136.990005,133.679993,134.660004,134.660004,2470000
2018/6/5,135.320007,137.479996,134.800003,136.960007,136.960007,2645200
2018/6/6,137.809998,138.389999,136.119995,136.940002,136.940002,2915000
2018/6/7,137.419998,138.75,135.479996,136.910004,136.910004,2481600
2018/6/8,136.710007,138.059998,136.229996,137.869995,137.869995,3494500
2018/6/11,139.080002,140.539993,138.429993,139.160004,139.160004,5073200
2018/6/12,139,140.399994,138.690002,139.779999,139.779999,2902100
2018/6/13,140.860001,144.919998,140.339996,143.279999,143.279999,6432900
2018/6/14,143.600006,147.039993,143.410004,144.389999,144.389999,4558800
2018/6/15,144.289993,147.130005,143.649994,146.649994,146.649994,3943800
2018/6/18,145.5,145.690002,142.440002,144.860001,144.860001,2890200
2018/6/19,143.130005,144.830002,141.619995,143.089996,143.089996,4117800
2018/6/20,143.610001,144.740005,143.240005,143.539993,143.539993,1935800
2018/6/21,144.130005,144.75,141.630005,143.149994,143.149994,1536000
2018/6/22,145.5,145.630005,140.949997,141.259995,141.259995,3053000
2018/6/25,140.729996,140.899994,138.839996,140.520004,140.520004,2574200
2018/6/26,141.449997,143.139999,140.130005,140.369995,140.369995,2691200
2018/6/27,140.729996,142.210007,137.679993,137.75,137.75,2541800
2018/6/28,138.179993,141.380005,137.839996,140.630005,140.630005,2708200
2018/6/29,141.759995,143.149994,140.529999,141.020004,141.020004,2371200
2018/7/2,140.490005,143.580002,140.210007,143.479996,143.479996,1872100
2018/7/3,143.779999,144.160004,141,141.229996,141.229996,1168800
2018/7/5,142.580002,143.460007,142.070007,143.229996,143.229996,1266600
2018/7/6,143.059998,145.289993,142.960007,145.100006,145.100006,1628500
2018/7/9,145.550003,146.889999,142.270004,144.639999,144.639999,2041900
2018/7/10,144.410004,145.350006,143.360001,144.190002,144.190002,1716000
2018/7/11,143.039993,146.279999,142.75,145.720001,145.720001,2057200
2018/7/12,146.929993,148.740005,146.350006,148.610001,148.610001,1903400
2018/7/13,148.699997,151.259995,147.380005,148.729996,148.729996,2108600
2018/7/16,148.949997,149.100006,146.429993,146.679993,146.679993,1917700
2018/7/17,145.600006,149.229996,145.009995,148.740005,148.740005,2478100
2018/7/18,149.059998,150,147.710007,148.929993,148.929993,2486800
2018/7/19,148.119995,149.470001,147,147.960007,147.960007,1645500
2018/7/20,148.190002,149.789993,147.139999,147.479996,147.479996,2153700
2018/7/23,146.509995,147.860001,145.339996,146.559998,146.559998,2226900
2018/7/24,147.5,147.720001,142.960007,144.320007,144.320007,3880200
2018/7/25,144.910004,146.789993,144.25,146.5,146.5,2944900
2018/7/26,148,148,141.059998,141.899994,141.899994,6273500
2018/7/27,134.940002,137.979996,131.25,133.809998,133.809998,11612100
2018/7/30,133.449997,133.570007,125.599998,126.209999,126.209999,9488300
2018/7/31,127.449997,128.990005,125.309998,128.75,128.75,6231300
2018/8/1,130.25,131.210007,127.019997,127.480003,127.480003,4863900
2018/8/2,126.769997,128.869995,125.449997,128.649994,128.649994,3535300
2018/8/3,131.009995,134,128.850006,130.869995,130.869995,5456500
2018/8/6,130.020004,130.470001,127.650002,129.029999,129.029999,3366600
2018/8/7,130.160004,130.779999,127.309998,128.100006,128.100006,3858900
2018/8/8,128.130005,128.910004,127.099998,128.410004,128.410004,2740000
2018/8/9,128.5,128.899994,127.419998,127.82,127.82,4261100
2018/8/10,128.199997,132.039993,126.779999,131.320007,131.320007,5190400
2018/8/13,131.410004,133.649994,130.440002,131.320007,131.320007,4636100
2018/8/14,131,132.309998,129.119995,131.910004,131.910004,3052900
2018/8/15,129.820007,130.759995,126.019997,128.050003,128.050003,5484700
2018/8/16,129.970001,130.929993,128.020004,129.710007,129.710007,4673400
2018/8/17,128.809998,129.440002,126.980003,128.009995,128.009995,3805600
2018/8/20,127.080002,128.300003,125.580002,127.709999,127.709999,3625400
2018/8/21,128.539993,129.169998,125.970001,126.760002,126.760002,5814300
2018/8/22,126.059998,129.070007,124.660004,127.620003,127.620003,6609700
2018/8/23,127.629997,127.989998,125.790001,126.110001,126.110001,4468200
2018/8/24,126.889999,129.5,126.349998,128.970001,128.970001,3483300
2018/8/27,130.289993,130.570007,128.070007,128.970001,128.970001,2404600
2018/8/28,129.610001,129.789993,127.18,127.790001,127.790001,2418700
2018/8/29,127.559998,128.880005,127.029999,128.520004,128.520004,3138100
2018/8/30,120.599998,121.650002,115.660004,115.940002,115.940002,19585500
2018/8/31,115.129997,115.5,113.089996,113.410004,113.410004,9652900
2018/9/4,113.720001,114.400002,111.940002,113.519997,113.519997,5245500
2018/9/5,112.980003,113.43,110.980003,111.550003,111.550003,4311100
2018/9/6,111.849998,113.779999,111.209999,113.199997,113.199997,6382600
2018/9/7,112.739998,116,112.629997,114.910004,114.910004,5742500
2018/9/10,115.25,115.650002,112.870003,113.209999,113.209999,4424900
2018/9/11,112.290001,113.18,110.529999,112.290001,112.290001,4217300
2018/9/12,112.010002,113.720001,111.669998,113,113,3068300
2018/9/13,113.75,114.610001,113.029999,113.839996,113.839996,2506600
2018/9/14,114.410004,116.510002,113.75,114.269997,114.269997,3207500
2018/9/17,114.379997,114.739998,112.620003,112.690002,112.690002,3516000
2018/9/18,112.830002,113.959999,111.879997,112.650002,112.650002,3448400
2018/9/19,112.989998,113.25,110.849998,112.919998,112.919998,3013200
2018/9/20,113.419998,114.519997,112.5,113.470001,113.470001,3747000
2018/9/21,114.120003,116.029999,113.959999,115.019997,115.019997,7421800
2018/9/24,114.720001,115.639999,113.800003,115.239998,115.239998,2831500
2018/9/25,115.209999,116.440002,114.870003,116.25,116.25,2591100
2018/9/26,116.870003,119.870003,116.550003,118.089996,118.089996,5062600
2018/9/27,118.400002,119.599998,117.730003,119.379997,119.379997,3290000
2018/9/28,119.089996,120.660004,119.010002,120.489998,120.489998,3904900
2018/10/1,121.150002,121.300003,116.290001,117.550003,117.550003,5741600
2018/10/2,117.5,118.239998,116.18,117.050003,117.050003,4160100
2018/10/3,117.489998,118.169998,116.209999,116.389999,116.389999,3632600
2018/10/4,116.389999,116.389999,112.760002,114.010002,114.010002,5235500
2018/10/5,114.400002,115.75,111.989998,113.730003,113.730003,3571400
2018/10/8,112.82,113.290001,109.800003,110.620003,110.620003,4784400
2018/10/9,110.800003,112.209999,109.290001,109.489998,109.489998,5238500
2018/10/10,108.669998,109.120003,104.970001,105.150002,105.150002,7443800
2018/10/11,104.449997,105.389999,102.300003,103.599998,103.599998,6251700
2018/10/12,106.959999,108.129997,104.410004,106.099998,106.099998,5384500
2018/10/15,105.449997,107.029999,104.019997,105.879997,105.879997,2602000
2018/10/16,106.760002,108.510002,106.529999,107.419998,107.419998,5441900
2018/10/17,107.760002,109.360001,106.940002,108.790001,108.790001,3196200
2018/10/18,107.339996,107.849998,104.769997,105.800003,105.800003,4731800
2018/10/19,106.300003,107.489998,101.980003,102.110001,102.110001,5432300
2018/10/22,102.809998,104.239998,101.239998,101.360001,101.360001,4983100
2018/10/23,99.410004,100.059998,97.800003,99.089996,99.089996,6842900
2018/10/24,98.809998,100.199997,96.099998,96.25,96.25,4851800
2018/10/25,97.860001,99.480003,97.620003,98.639999,98.639999,5610900
2018/10/26,95.93,98.760002,95.589996,96.220001,96.220001,4263500
2018/10/29,95.779999,97.300003,89.120003,91.190002,91.190002,9957000
2018/10/30,91.669998,94.830002,91,94.830002,94.830002,6678700
2018/10/31,92,95.370003,89.940002,90.980003,90.980003,17510800
2018/11/1,91,95.050003,91,94.199997,94.199997,5444200
2018/11/2,95.290001,95.800003,91.839996,92.459999,92.459999,5325300
2018/11/5,92.57,93.059998,91.160004,92.690002,92.690002,4163800
2018/11/6,92.690002,93.5,91.57,92.230003,92.230003,4121700
2018/11/7,93,94.629997,92.260002,93.800003,93.800003,7249200
2018/11/8,94.010002,94.239998,92.330002,93.870003,93.870003,5045800
2018/11/9,92.860001,92.860001,88.220001,88.889999,88.889999,7236500
2018/11/12,88.599998,88.879997,86.010002,87.660004,87.660004,5123600
2018/11/13,88.330002,89.349998,86.989998,87.389999,87.389999,3732300
2018/11/14,88.239998,88.360001,84.980003,85.760002,85.760002,3591300
2018/11/15,86.019997,88.279999,84.860001,88.25,88.25,3827400
2018/11/16,87.449997,87.879997,84.980003,85.970001,85.970001,4585300
2018/11/19,86.099998,86.209999,82.720001,83.040001,83.040001,4461800
2018/11/20,80.82,83.43,80.419998,83.019997,83.019997,5388800
2018/11/21,83.940002,85.480003,83.43,84.019997,84.019997,3272900
2018/11/23,83.82,84.25,82.419998,82.669998,82.669998,1906800
2018/11/26,83.519997,85.010002,82.489998,84.93,84.93,5383800
2018/11/27,84.68,85.669998,83.239998,85.040001,85.040001,3372200
2018/11/28,85.510002,86.32,83.919998,85.900002,85.900002,4197200
2018/11/29,85.089996,87.239998,84.629997,86.389999,86.389999,3527300
2018/11/30,86.309998,86.830002,83.730003,84.07,84.07,5395500
2018/12/3,85.809998,86.639999,83.339996,84,84,5052200
2018/12/4,83.440002,84.889999,81,81.18,81.18,5129500
2018/12/6,79.940002,83.879997,79.5,83.879997,83.879997,5747500
2018/12/7,83.779999,85.139999,82.220001,82.519997,82.519997,4589100
2018/12/10,82.339996,84.599998,82.300003,83.730003,83.730003,3888400
2018/12/11,85.120003,85.32,82.730003,83.440002,83.440002,3876700
2018/12/12,84.32,85.370003,82.910004,82.989998,82.989998,3400500
2018/12/13,83.910004,83.940002,80.779999,80.860001,80.860001,5011100
2018/12/14,79.82,81.949997,79.139999,80.160004,80.160004,5227600
2018/12/17,80.139999,82.019997,78.480003,79.230003,79.230003,4083500
2018/12/18,79.68,81.800003,79.379997,80,80,6191100
2018/12/19,80.029999,81.220001,77.339996,78.360001,78.360001,6416600
2018/12/20,77.68,79.389999,76.459999,77.440002,77.440002,5567700
2018/12/21,78.300003,79.459999,75.629997,76.57,76.57,7829900
2018/12/24,75.760002,77.400002,74.379997,74.720001,74.720001,2556900
2018/12/26,75.199997,77.949997,73.910004,77.889999,77.889999,3257300
2018/12/27,77.110001,79.459999,76.760002,79.43,79.43,4261000
2018/12/28,79.959999,80.290001,78.300003,79.300003,79.300003,2733600
2018/12/31,80,80.379997,78.300003,78.910004,78.910004,2942400
2019/1/2,77.220001,80.639999,77.199997,80.370003,80.370003,3176600
2019/1/3,79.449997,80.349998,77.620003,78.709999,78.709999,3747100
2019/1/4,80.82,85.25,80.040001,84.419998,84.419998,7254400
2019/1/7,84.889999,88.099998,83.440002,87.589996,87.589996,6611300
2019/1/8,88.459999,89.739998,87.690002,89.019997,89.019997,6468300
2019/1/9,89.809998,90.989998,87.889999,88.910004,88.910004,4178800
2019/1/10,88.790001,91.440002,88.519997,91.010002,91.010002,4745600
2019/1/11,90.669998,91.589996,89.910004,90.699997,90.699997,3757600
2019/1/14,89.620003,89.980003,88.419998,88.580002,88.580002,3351500
2019/1/15,88.959999,89.580002,88.370003,89.489998,89.489998,2794600
2019/1/16,88,90.089996,85.959999,89.919998,89.919998,6613100
2019/1/17,87.949997,89.849998,87.650002,89.309998,89.309998,4283300
2019/1/18,90.309998,93.160004,90.230003,92.519997,92.519997,5403600
2019/1/22,91.68,91.989998,90.010002,91.309998,91.309998,4474700
2019/1/23,91.93,92,88.440002,89.129997,89.129997,4085900
2019/1/24,89.360001,91.550003,88.529999,91.480003,91.480003,3167900
2019/1/25,92.449997,92.980003,90.870003,91.739998,91.739998,4167700
2019/1/28,89.449997,90.650002,88.650002,90.470001,90.470001,4339500
2019/1/29,89.889999,89.889999,86.82,87.239998,87.239998,3961400
2019/1/30,87.620003,89.269997,86.849998,89.230003,89.230003,3797800
2019/1/31,89.980003,92.800003,89.550003,92.239998,92.239998,4148200
2019/2/1,92.199997,92.800003,90.830002,91.220001,91.220001,2890300
2019/2/4,91.059998,91.07,88.190002,88.43,88.43,5982500
2019/2/5,89.059998,92.849998,88.889999,92.519997,92.519997,11931400
2019/2/6,79.139999,81.589996,78,80.209999,80.209999,30198600
2019/2/7,79.900002,85.589996,79.900002,84.099998,84.099998,11391300
2019/2/8,86.510002,97.650002,85,97.599998,97.599998,26898500
2019/2/11,102.160004,106.949997,96.730003,97.239998,97.239998,38704500
2019/2/12,106.309998,106.699997,99.019997,102.330002,102.330002,31161300
2019/2/13,104.559998,105.239998,100.68,102.25,102.25,15890000
2019/2/14,101.410004,105.870003,101,105.25,105.25,10547000
2019/2/15,107.400002,108.800003,104.730003,106.839996,106.839996,11254900
2019/2/19,105.75,105.75,101.290001,102.959999,102.959999,10882700
2019/2/20,102.43,102.910004,97.550003,98.629997,98.629997,10649100
2019/2/21,98.769997,98.989998,96,96.860001,96.860001,8104300
2019/2/22,97.059998,97.309998,92.849998,95.919998,95.919998,11617000
2019/2/25,96.32,96.629997,93.639999,95.860001,95.860001,7046600
2019/2/26,95.650002,99.610001,94.82,98.5,98.5,8701100
2019/2/27,98.82,100.809998,97.400002,97.839996,97.839996,5207600
2019/2/28,97.959999,98.639999,95.669998,95.779999,95.779999,5695000
2019/3/1,96.830002,97.940002,95.309998,97.410004,97.410004,4443600
2019/3/4,98.309998,99.43,95.57,97.290001,97.290001,7187200
2019/3/5,96.260002,97.059998,95.150002,95.720001,95.720001,6041900
2019/3/6,95.32,96.379997,94.129997,94.769997,94.769997,3987500
2019/3/7,95,99.559998,94.470001,99.360001,99.360001,8866800
2019/3/8,97.959999,99.75,97.480003,98.360001,98.360001,7357900
2019/3/11,98.599998,99.959999,97.940002,99.040001,99.040001,4623500
2019/3/12,99.400002,99.5,98.150002,98.589996,98.589996,3737600
2019/3/13,98.690002,101.080002,97.769997,100.129997,100.129997,6980000
2019/3/14,100.220001,100.339996,97.540001,98.830002,98.830002,5908900
2019/3/15,99.660004,100.150002,98.239998,98.980003,98.980003,5141800
2019/3/18,99.160004,99.889999,96.730003,99.660004,99.660004,5113000
2019/3/19,100.330002,100.550003,97,97.510002,97.510002,6156800
2019/3/20,97.440002,98.389999,96.349998,97.029999,97.029999,4824200
2019/3/21,96.489998,105,96.489998,104.879997,104.879997,9533400
2019/3/22,104.43,104.480003,101.160004,102.339996,102.339996,7158900
2019/3/25,102.400002,103.540001,100.870003,101.730003,101.730003,3812400
2019/3/26,102.660004,104.550003,101.5,102.32,102.32,4059300
2019/3/27,102.699997,102.860001,100.279999,100.669998,100.669998,2900800
2019/3/28,100.709999,102.470001,100.279999,102.199997,102.199997,2347100
2019/3/29,102.650002,102.970001,101.239998,101.629997,101.629997,3180800
2019/4/1,103.029999,103.949997,101.620003,102.669998,102.669998,2879200
2019/4/2,103.010002,103.099998,100.160004,100.839996,100.839996,3157500
2019/4/3,100.910004,102.160004,100.07,100.150002,100.150002,3522800
2019/4/4,99.989998,100.300003,97.589996,97.940002,97.940002,4308700
2019/4/5,98.5,99.889999,97.959999,99.43,99.43,3738000
2019/4/8,99.010002,99.419998,95.660004,97.949997,97.949997,3951000
2019/4/9,97.540001,99.150002,97.400002,98.25,98.25,2543200
2019/4/10,98.580002,100.349998,98.379997,99.629997,99.629997,2199500
2019/4/11,100,101.400002,99.629997,100.580002,100.580002,2530500
2019/4/12,101.129997,102.389999,100.32,101.830002,101.830002,2375900
2019/4/15,100.550003,100.989998,97.120003,97.849998,97.849998,3965600
2019/4/16,97.410004,97.5,92.800003,93.830002,93.830002,7638900
2019/4/17,94.459999,94.459999,91,91.949997,91.949997,9779000
2019/4/18,92.07,93.580002,91.099998,93.139999,93.139999,4262200
2019/4/22,92.75,93.040001,91.879997,92.519997,92.519997,3011200
2019/4/23,93.099998,94.959999,92.839996,94.629997,94.629997,3850800
2019/4/24,94.900002,95.279999,93.870003,94.150002,94.150002,3041500
2019/4/25,94.150002,94.199997,92.68,92.980003,92.980003,2993000
2019/4/26,93.459999,94.580002,92.82,94.470001,94.470001,3496300
2019/4/29,94.889999,95.589996,94.150002,94.730003,94.730003,3122600
2019/4/30,94.489998,95.080002,93.800003,94.650002,94.650002,2824600
2019/5/1,95.010002,97.199997,94.739998,94.860001,94.860001,4264300
2019/5/2,95.25,96.330002,93.889999,94.400002,94.400002,3609500
2019/5/3,93.699997,93.879997,90.699997,92.5,92.5,6385800
2019/5/6,91.099998,93.989998,90.519997,93.760002,93.760002,4413700
2019/5/7,93.110001,93.400002,91.830002,92.730003,92.730003,7090900
2019/5/8,99.110001,99.57,92.18,93.879997,93.879997,17468500
2019/5/9,92.519997,94.239998,92.199997,93.32,93.32,5159100
2019/5/10,93.029999,94.160004,91.010002,93.879997,93.879997,3979100
2019/5/13,92.010002,93.120003,89.910004,90.419998,90.419998,3685400
2019/5/14,90.919998,95.519997,90.75,94.57,94.57,5769300
2019/5/15,93.800003,98.32,93.660004,96.769997,96.769997,4694700
2019/5/16,96.739998,99.050003,96.110001,99,99,3728600
2019/5/17,98.260002,98.949997,96.650002,97.260002,97.260002,3031500
2019/5/20,95.440002,96,92.309998,92.690002,92.690002,3842900
2019/5/21,93.400002,96.25,93.25,95.650002,95.650002,3958200
2019/5/22,94.839996,95.599998,93.629997,93.839996,93.839996,1831200
2019/5/23,93.339996,94.739998,91.360001,92.110001,92.110001,3072500
2019/5/24,92.669998,93.309998,91.489998,92.269997,92.269997,2262600
2019/5/28,92.980003,94.209999,92.639999,93.5,93.5,2729300
2019/5/29,92.760002,93.809998,91.809998,92.550003,92.550003,1889400
2019/5/30,92.739998,93.040001,91.5,92.129997,92.129997,2513500
2019/5/31,90.900002,93.279999,90.889999,93.080002,93.080002,2818700
2019/6/3,93.290001,94.239998,90.779999,91.309998,91.309998,3405400
2019/6/4,91.589996,94.209999,90.190002,94.129997,94.129997,2833500
2019/6/5,93.690002,95.989998,93.690002,95.25,95.25,2584000
2019/6/6,95.959999,97.379997,95.059998,96.389999,96.389999,2654200
2019/6/7,97,98.690002,96.57,96.989998,96.989998,2021500
2019/6/10,98,98.129997,94.050003,95.510002,95.510002,2503200
2019/6/11,96.379997,96.5,94.25,94.580002,94.580002,2097800
2019/6/12,94.800003,94.959999,91.720001,92.669998,92.669998,2579200
2019/6/13,92.919998,94.339996,92.410004,93.57,93.57,2526800
2019/6/14,93.559998,93.790001,90.459999,92.730003,92.730003,3297400
2019/6/17,92.620003,93.510002,92,92.440002,92.440002,2431900
2019/6/18,93.480003,95.300003,91.940002,92.029999,92.029999,3955900
2019/6/19,92.389999,93.18,91.32,92.580002,92.580002,2795300
2019/6/20,93.75,94.889999,93.07,93.190002,93.190002,2578300
2019/6/21,92.980003,95.980003,91.400002,95.330002,95.330002,6237400
2019/6/24,95.660004,99.559998,95.230003,99,99,5066800
2019/6/25,98.769997,99.110001,96.080002,96.900002,96.900002,3364000
2019/6/26,97.510002,98.040001,95.620003,97.32,97.32,2827100
2019/6/27,97.669998,99.68,96.849998,99.139999,99.139999,2907700
2019/6/28,100.739998,101.449997,99.230003,101.260002,101.260002,5185200
2019/7/1,102.650002,102.879997,99.82,100.889999,100.889999,3447500
2019/7/2,101.760002,103.589996,100.790001,102.720001,102.720001,3934200
2019/7/3,103,103.190002,97.589996,98.110001,98.110001,4659700
2019/7/5,97.769997,97.830002,91.349998,93.599998,93.599998,11794100
2019/7/8,93.440002,93.629997,91.419998,93.440002,93.440002,4512600
2019/7/9,92.5,92.699997,90.540001,92.050003,92.050003,4747000
2019/7/10,92.160004,94.139999,91.639999,93.959999,93.959999,4561600
2019/7/11,93.790001,94.849998,92.57,93.489998,93.489998,3320700
2019/7/12,93.68,93.970001,92.349998,92.82,92.82,2657600
2019/7/15,92.75,93.010002,91.830002,92.220001,92.220001,2816900
2019/7/16,92.309998,92.410004,88.43,89.550003,89.550003,6090200
2019/7/17,89.75,90.849998,89.309998,89.699997,89.699997,3097400
2019/7/18,88.900002,89.470001,88.019997,89.190002,89.190002,4105700
2019/7/19,89.349998,89.410004,87.470001,87.5,87.5,3676400
2019/7/22,88.019997,89.129997,87.510002,88.139999,88.139999,3200000
2019/7/23,88.879997,89.139999,87.709999,88.220001,88.220001,2428900
2019/7/24,88.040001,89.940002,88,89.779999,89.779999,2137100
2019/7/25,88.449997,89.769997,87.879997,89.160004,89.160004,2891200
2019/7/26,89.5,90.489998,89.279999,89.510002,89.510002,2281400
2019/7/29,89.410004,89.790001,86.949997,88.870003,88.870003,5162900
2019/7/30,87.93,89.010002,86.239998,88.57,88.57,5666000
2019/7/31,94,96.540001,91.040001,92.5,92.5,11152800
2019/8/1,93.25,97.07,93.080002,94.599998,94.599998,5870300
2019/8/2,94.75,95.370003,91.830002,92.889999,92.889999,2764900
2019/8/5,90.309998,91.760002,88.220001,88.589996,88.589996,5117100
2019/8/6,90.809998,91.559998,89.620003,90.099998,90.099998,3604500
2019/8/7,89.120003,92.349998,88.699997,92.269997,92.269997,4498100
2019/8/8,92.949997,95.290001,92.480003,95.230003,95.230003,3849300
2019/8/9,94.370003,94.870003,91.400002,91.970001,91.970001,3496700
2019/8/12,91.5,92.559998,91.040001,91.769997,91.769997,1845800
2019/8/13,91.959999,93.559998,91.25,92.339996,92.339996,2414600
2019/8/14,90.410004,90.75,87.5,88.099998,88.099998,5458800
2019/8/15,88.949997,88.949997,87.230003,87.879997,87.879997,2821100
2019/8/16,88.559998,90.379997,88.07,89.559998,89.559998,2814900
2019/8/19,91.239998,91.699997,90.120003,90.910004,90.910004,2511800
2019/8/20,90.580002,93.57,90.279999,92.699997,92.699997,4328000
2019/8/21,93.550003,94.980003,92.620003,94.040001,94.040001,3007200
2019/8/22,94.440002,94.949997,92.720001,94.620003,94.620003,2718400
2019/8/23,94.589996,95.730003,92.620003,92.910004,92.910004,4213300
2019/8/26,93.769997,94.529999,93.25,94.379997,94.379997,2919400
2019/8/27,94.75,96.300003,94.059998,94.059998,94.059998,3773100
2019/8/28,93.769997,94.040001,91.57,92.400002,92.400002,3710100
2019/8/29,93.290001,93.730003,92.589996,93.029999,93.029999,2601200
2019/8/30,93.529999,94.209999,92.980003,93.68,93.68,1704300
2019/9/3,92.730003,95.169998,92.650002,94.830002,94.830002,3263400
2019/9/4,95.239998,98.120003,94.760002,97.949997,97.949997,3434700
2019/9/5,98.699997,99.480003,96.559998,97.449997,97.449997,3020400
2019/9/6,98.029999,99.82,97.650002,98.529999,98.529999,2886000
2019/9/9,99.010002,99.879997,97.440002,98.68,98.68,3115800
2019/9/10,98.449997,101.230003,97.769997,99.5,99.5,4010500
2019/9/11,100.029999,100.650002,98.760002,99.110001,99.110001,2409300
2019/9/12,99.889999,101.779999,98.050003,98.339996,98.339996,4123000
2019/9/13,98.57,99.349998,98.160004,98.480003,98.480003,1719400
2019/9/16,98.029999,99.239998,97.519997,99.120003,99.120003,1820400
2019/9/17,99.480003,99.550003,97.540001,98.419998,98.419998,1815400
2019/9/18,97.730003,98.339996,96.529999,98.279999,98.279999,1815800
2019/9/19,98.279999,99.900002,98.279999,99.690002,99.690002,2546900
2019/9/20,100.199997,100.519997,98.269997,98.699997,98.699997,3494900
2019/9/23,98.230003,99.410004,97.860001,98.18,98.18,2067400
2019/9/24,98.080002,98.379997,96.730003,97.360001,97.360001,2855200
2019/9/25,97.099998,97.82,95.830002,97.629997,97.629997,1964500
2019/9/26,97.610001,97.970001,95.660004,96.620003,96.620003,1954200
2019/9/27,97.019997,97.75,95.050003,95.669998,95.669998,1967900
2019/9/30,95.849998,97.989998,95.68,97.82,97.82,2522000
2019/10/1,97.809998,98,95.129997,96.75,96.75,3717900
2019/10/2,96,96,92.440002,94.25,94.25,4097200
2019/10/3,93.529999,95.029999,92.879997,94.339996,94.339996,3855600
2019/10/4,94.339996,95.769997,94.339996,95.610001,95.610001,2221100
2019/10/7,95.120003,95.82,93.32,93.57,93.57,2923200
2019/10/8,93.029999,93.830002,92.160004,92.540001,92.540001,2803400
2019/10/9,93.019997,94.5,92.800003,92.879997,92.879997,1584400
2019/10/10,92.660004,93.559998,92.209999,92.529999,92.529999,1963000
2019/10/11,93.93,95.870003,93.75,94.190002,94.190002,3131700
2019/10/14,94,94.660004,92.709999,93.879997,93.879997,2369000
2019/10/15,94.139999,95.279999,93.220001,95.150002,95.150002,2124900
2019/10/16,94.410004,96.360001,94.400002,96.220001,96.220001,2981100
2019/10/17,96.709999,98,96.519997,96.760002,96.760002,2421100
2019/10/18,96.050003,96.099998,94.050003,95.129997,95.129997,3151100
2019/10/21,95.480003,96.830002,95,95.809998,95.809998,1982700
2019/10/22,94.169998,95.769997,93.209999,94.300003,94.300003,3364200
2019/10/23,94.43,96.25,94.360001,95.709999,95.709999,2132300
2019/10/24,96.160004,96.970001,95.169998,95.980003,95.980003,3237900
2019/10/25,95.540001,96.349998,94.610001,96.309998,96.309998,2070000
2019/10/28,97,97.900002,96.199997,96.720001,96.720001,3615700
2019/10/29,96.720001,97.519997,94.370003,94.470001,94.470001,6942200
2019/10/30,94.25,96.839996,92.559998,96.720001,96.720001,7141700
2019/10/31,96.620003,96.720001,94.870003,96.400002,96.400002,326340000
